Cold Water.Timestep;Time;Sum [L]
0;01.01.2025 00:00;0
60;01.01.2025 01:00;0
120;01.01.2025 02:00;0
180;01.01.2025 03:00;0
240;01.01.2025 04:00;20
300;01.01.2025 05:00;0
360;01.01.2025 06:00;0
420;01.01.2025 07:00;0
480;01.01.2025 08:00;0
540;01.01.2025 09:00;0
600;01.01.2025 10:00;0
660;01.01.2025 11:00;10.473920069577618
720;01.01.2025 12:00;20
780;01.01.2025 13:00;21.35060397962668
840;01.01.2025 14:00;0
900;01.01.2025 15:00;0
960;01.01.2025 16:00;0
1020;01.01.2025 17:00;0
1080;01.01.2025 18:00;0
1140;01.01.2025 19:00;0
1200;01.01.2025 20:00;19.31583231336172
1260;01.01.2025 21:00;20
1320;01.01.2025 22:00;0
1380;01.01.2025 23:00;0
1440;02.01.2025 00:00;0
1500;02.01.2025 01:00;0
1560;02.01.2025 02:00;0
1620;02.01.2025 03:00;0
1680;02.01.2025 04:00;0
1740;02.01.2025 05:00;0
1800;02.01.2025 06:00;0
1860;02.01.2025 07:00;0
1920;02.01.2025 08:00;0
1980;02.01.2025 09:00;0
2040;02.01.2025 10:00;20
2100;02.01.2025 11:00;0
2160;02.01.2025 12:00;9.29453215368035
2220;02.01.2025 13:00;0
2280;02.01.2025 14:00;0
2340;02.01.2025 15:00;0
2400;02.01.2025 16:00;0
2460;02.01.2025 17:00;0
2520;02.01.2025 18:00;0
2580;02.01.2025 19:00;10
2640;02.01.2025 20:00;0
2700;02.01.2025 21:00;9.195687164312293
2760;02.01.2025 22:00;0
2820;02.01.2025 23:00;0
2880;03.01.2025 00:00;0
2940;03.01.2025 01:00;0
3000;03.01.2025 02:00;0
3060;03.01.2025 03:00;0
3120;03.01.2025 04:00;0
3180;03.01.2025 05:00;0
3240;03.01.2025 06:00;0
3300;03.01.2025 07:00;10
3360;03.01.2025 08:00;0
3420;03.01.2025 09:00;0
3480;03.01.2025 10:00;0
3540;03.01.2025 11:00;10.349702270046702
3600;03.01.2025 12:00;0
3660;03.01.2025 13:00;9.607395038955568
3720;03.01.2025 14:00;0
3780;03.01.2025 15:00;0
3840;03.01.2025 16:00;10
3900;03.01.2025 17:00;0
3960;03.01.2025 18:00;0
4020;03.01.2025 19:00;0
4080;03.01.2025 20:00;0
4140;03.01.2025 21:00;0
4200;03.01.2025 22:00;0
4260;03.01.2025 23:00;0
4320;04.01.2025 00:00;0
4380;04.01.2025 01:00;0
4440;04.01.2025 02:00;0
4500;04.01.2025 03:00;0
4560;04.01.2025 04:00;0
4620;04.01.2025 05:00;0
4680;04.01.2025 06:00;0
4740;04.01.2025 07:00;20
4800;04.01.2025 08:00;22.041387515596625
4860;04.01.2025 09:00;0
4920;04.01.2025 10:00;0
4980;04.01.2025 11:00;0
5040;04.01.2025 12:00;0
5100;04.01.2025 13:00;0
5160;04.01.2025 14:00;0
5220;04.01.2025 15:00;10
5280;04.01.2025 16:00;10
5340;04.01.2025 17:00;0
5400;04.01.2025 18:00;0
5460;04.01.2025 19:00;10.111673859488612
5520;04.01.2025 20:00;0
5580;04.01.2025 21:00;0
5640;04.01.2025 22:00;0
5700;04.01.2025 23:00;0
5760;05.01.2025 00:00;0
5820;05.01.2025 01:00;0
5880;05.01.2025 02:00;0
5940;05.01.2025 03:00;0
6000;05.01.2025 04:00;10
6060;05.01.2025 05:00;0
6120;05.01.2025 06:00;0
6180;05.01.2025 07:00;0
6240;05.01.2025 08:00;7.980210409083003
6300;05.01.2025 09:00;0
6360;05.01.2025 10:00;0
6420;05.01.2025 11:00;0
6480;05.01.2025 12:00;0
6540;05.01.2025 13:00;29.087265322350014
6600;05.01.2025 14:00;0
6660;05.01.2025 15:00;0
6720;05.01.2025 16:00;0
6780;05.01.2025 17:00;0
6840;05.01.2025 18:00;0
6900;05.01.2025 19:00;9.358079027675627
6960;05.01.2025 20:00;0
7020;05.01.2025 21:00;10
7080;05.01.2025 22:00;0
7140;05.01.2025 23:00;0
7200;06.01.2025 00:00;0
7260;06.01.2025 01:00;0
7320;06.01.2025 02:00;0
7380;06.01.2025 03:00;0
7440;06.01.2025 04:00;0
7500;06.01.2025 05:00;0
7560;06.01.2025 06:00;0
7620;06.01.2025 07:00;0
7680;06.01.2025 08:00;0
7740;06.01.2025 09:00;0
7800;06.01.2025 10:00;50
7860;06.01.2025 11:00;10
7920;06.01.2025 12:00;0
7980;06.01.2025 13:00;0
8040;06.01.2025 14:00;0
8100;06.01.2025 15:00;0
8160;06.01.2025 16:00;0
8220;06.01.2025 17:00;10
8280;06.01.2025 18:00;0
8340;06.01.2025 19:00;0
8400;06.01.2025 20:00;0
8460;06.01.2025 21:00;0
8520;06.01.2025 22:00;0
8580;06.01.2025 23:00;0
8640;07.01.2025 00:00;0
8700;07.01.2025 01:00;0
8760;07.01.2025 02:00;0
8820;07.01.2025 03:00;0
8880;07.01.2025 04:00;10
8940;07.01.2025 05:00;0
9000;07.01.2025 06:00;0
9060;07.01.2025 07:00;0
9120;07.01.2025 08:00;0
9180;07.01.2025 09:00;0
9240;07.01.2025 10:00;0
9300;07.01.2025 11:00;0
9360;07.01.2025 12:00;0
9420;07.01.2025 13:00;20
9480;07.01.2025 14:00;0
9540;07.01.2025 15:00;10.491462003206124
9600;07.01.2025 16:00;0
9660;07.01.2025 17:00;0
9720;07.01.2025 18:00;0
9780;07.01.2025 19:00;0
9840;07.01.2025 20:00;10
9900;07.01.2025 21:00;10
9960;07.01.2025 22:00;0
10020;07.01.2025 23:00;0
10080;08.01.2025 00:00;0
10140;08.01.2025 01:00;0
10200;08.01.2025 02:00;0
10260;08.01.2025 03:00;0
10320;08.01.2025 04:00;0
10380;08.01.2025 05:00;0
10440;08.01.2025 06:00;0
10500;08.01.2025 07:00;0
10560;08.01.2025 08:00;20
10620;08.01.2025 09:00;0
10680;08.01.2025 10:00;0
10740;08.01.2025 11:00;0
10800;08.01.2025 12:00;0
10860;08.01.2025 13:00;0
10920;08.01.2025 14:00;0
10980;08.01.2025 15:00;0
11040;08.01.2025 16:00;0
11100;08.01.2025 17:00;0
11160;08.01.2025 18:00;10
11220;08.01.2025 19:00;0
11280;08.01.2025 20:00;0
11340;08.01.2025 21:00;0
11400;08.01.2025 22:00;0
11460;08.01.2025 23:00;0
11520;09.01.2025 00:00;0
11580;09.01.2025 01:00;0
11640;09.01.2025 02:00;0
11700;09.01.2025 03:00;0
11760;09.01.2025 04:00;0
11820;09.01.2025 05:00;0
11880;09.01.2025 06:00;0
11940;09.01.2025 07:00;20
12000;09.01.2025 08:00;0
12060;09.01.2025 09:00;60
12120;09.01.2025 10:00;0
12180;09.01.2025 11:00;0
12240;09.01.2025 12:00;10.60429548006949
12300;09.01.2025 13:00;0
12360;09.01.2025 14:00;0
12420;09.01.2025 15:00;0
12480;09.01.2025 16:00;10
12540;09.01.2025 17:00;0
12600;09.01.2025 18:00;0
12660;09.01.2025 19:00;0
12720;09.01.2025 20:00;0
12780;09.01.2025 21:00;0
12840;09.01.2025 22:00;0
12900;09.01.2025 23:00;0
12960;10.01.2025 00:00;0
13020;10.01.2025 01:00;0
13080;10.01.2025 02:00;0
13140;10.01.2025 03:00;0
13200;10.01.2025 04:00;0
13260;10.01.2025 05:00;0
13320;10.01.2025 06:00;10
13380;10.01.2025 07:00;0
13440;10.01.2025 08:00;0
13500;10.01.2025 09:00;0
13560;10.01.2025 10:00;0
13620;10.01.2025 11:00;0
13680;10.01.2025 12:00;0
13740;10.01.2025 13:00;0
13800;10.01.2025 14:00;0
13860;10.01.2025 15:00;0
13920;10.01.2025 16:00;0
13980;10.01.2025 17:00;0
14040;10.01.2025 18:00;10
14100;10.01.2025 19:00;0
14160;10.01.2025 20:00;0
14220;10.01.2025 21:00;0
14280;10.01.2025 22:00;0
14340;10.01.2025 23:00;0
14400;11.01.2025 00:00;0
14460;11.01.2025 01:00;0
14520;11.01.2025 02:00;0
14580;11.01.2025 03:00;0
14640;11.01.2025 04:00;0
14700;11.01.2025 05:00;0
14760;11.01.2025 06:00;0
14820;11.01.2025 07:00;20
14880;11.01.2025 08:00;0
14940;11.01.2025 09:00;0
15000;11.01.2025 10:00;0
15060;11.01.2025 11:00;0
15120;11.01.2025 12:00;21.883482478759326
15180;11.01.2025 13:00;0
15240;11.01.2025 14:00;0
15300;11.01.2025 15:00;0
15360;11.01.2025 16:00;10
15420;11.01.2025 17:00;0
15480;11.01.2025 18:00;0
15540;11.01.2025 19:00;0
15600;11.01.2025 20:00;0
15660;11.01.2025 21:00;0
15720;11.01.2025 22:00;0
15780;11.01.2025 23:00;0
15840;12.01.2025 00:00;0
15900;12.01.2025 01:00;0
15960;12.01.2025 02:00;0
16020;12.01.2025 03:00;0
16080;12.01.2025 04:00;10
16140;12.01.2025 05:00;0
16200;12.01.2025 06:00;0
16260;12.01.2025 07:00;0
16320;12.01.2025 08:00;0
16380;12.01.2025 09:00;0
16440;12.01.2025 10:00;0
16500;12.01.2025 11:00;0
16560;12.01.2025 12:00;20
16620;12.01.2025 13:00;0
16680;12.01.2025 14:00;0
16740;12.01.2025 15:00;0
16800;12.01.2025 16:00;0
16860;12.01.2025 17:00;0
16920;12.01.2025 18:00;0
16980;12.01.2025 19:00;0
17040;12.01.2025 20:00;0
17100;12.01.2025 21:00;29.67027427594426
17160;12.01.2025 22:00;0
17220;12.01.2025 23:00;0
17280;13.01.2025 00:00;0
17340;13.01.2025 01:00;0
17400;13.01.2025 02:00;0
17460;13.01.2025 03:00;0
17520;13.01.2025 04:00;0
17580;13.01.2025 05:00;0
17640;13.01.2025 06:00;0
17700;13.01.2025 07:00;0
17760;13.01.2025 08:00;0
17820;13.01.2025 09:00;10
17880;13.01.2025 10:00;0
17940;13.01.2025 11:00;0
18000;13.01.2025 12:00;0
18060;13.01.2025 13:00;0
18120;13.01.2025 14:00;0
18180;13.01.2025 15:00;0
18240;13.01.2025 16:00;0
18300;13.01.2025 17:00;0
18360;13.01.2025 18:00;0
18420;13.01.2025 19:00;0
18480;13.01.2025 20:00;0
18540;13.01.2025 21:00;10
18600;13.01.2025 22:00;0
18660;13.01.2025 23:00;0
18720;14.01.2025 00:00;0
18780;14.01.2025 01:00;0
18840;14.01.2025 02:00;0
18900;14.01.2025 03:00;0
18960;14.01.2025 04:00;0
19020;14.01.2025 05:00;0
19080;14.01.2025 06:00;0
19140;14.01.2025 07:00;20
19200;14.01.2025 08:00;0
19260;14.01.2025 09:00;0
19320;14.01.2025 10:00;0
19380;14.01.2025 11:00;0
19440;14.01.2025 12:00;0
19500;14.01.2025 13:00;0
19560;14.01.2025 14:00;0
19620;14.01.2025 15:00;0
19680;14.01.2025 16:00;0
19740;14.01.2025 17:00;39.431689172993046
19800;14.01.2025 18:00;0
19860;14.01.2025 19:00;0
19920;14.01.2025 20:00;0
19980;14.01.2025 21:00;0
20040;14.01.2025 22:00;0
20100;14.01.2025 23:00;0
20160;15.01.2025 00:00;0
20220;15.01.2025 01:00;0
20280;15.01.2025 02:00;0
20340;15.01.2025 03:00;0
20400;15.01.2025 04:00;0
20460;15.01.2025 05:00;0
20520;15.01.2025 06:00;0
20580;15.01.2025 07:00;0
20640;15.01.2025 08:00;80
20700;15.01.2025 09:00;0
20760;15.01.2025 10:00;0
20820;15.01.2025 11:00;0
20880;15.01.2025 12:00;0
20940;15.01.2025 13:00;0
21000;15.01.2025 14:00;0
21060;15.01.2025 15:00;0
21120;15.01.2025 16:00;0
21180;15.01.2025 17:00;20
21240;15.01.2025 18:00;0
21300;15.01.2025 19:00;0
21360;15.01.2025 20:00;0
21420;15.01.2025 21:00;0
21480;15.01.2025 22:00;0
21540;15.01.2025 23:00;0
21600;16.01.2025 00:00;0
21660;16.01.2025 01:00;0
21720;16.01.2025 02:00;0
21780;16.01.2025 03:00;0
21840;16.01.2025 04:00;0
21900;16.01.2025 05:00;10
21960;16.01.2025 06:00;0
22020;16.01.2025 07:00;0
22080;16.01.2025 08:00;0
22140;16.01.2025 09:00;0
22200;16.01.2025 10:00;0
22260;16.01.2025 11:00;0
22320;16.01.2025 12:00;0
22380;16.01.2025 13:00;0
22440;16.01.2025 14:00;30.597732401158307
22500;16.01.2025 15:00;0
22560;16.01.2025 16:00;0
22620;16.01.2025 17:00;0
22680;16.01.2025 18:00;0
22740;16.01.2025 19:00;0
22800;16.01.2025 20:00;0
22860;16.01.2025 21:00;0
22920;16.01.2025 22:00;0
22980;16.01.2025 23:00;0
23040;17.01.2025 00:00;0
23100;17.01.2025 01:00;0
23160;17.01.2025 02:00;0
23220;17.01.2025 03:00;0
23280;17.01.2025 04:00;0
23340;17.01.2025 05:00;20
23400;17.01.2025 06:00;0
23460;17.01.2025 07:00;0
23520;17.01.2025 08:00;0
23580;17.01.2025 09:00;0
23640;17.01.2025 10:00;0
23700;17.01.2025 11:00;0
23760;17.01.2025 12:00;0
23820;17.01.2025 13:00;10
23880;17.01.2025 14:00;0
23940;17.01.2025 15:00;0
24000;17.01.2025 16:00;0
24060;17.01.2025 17:00;0
24120;17.01.2025 18:00;0
24180;17.01.2025 19:00;0
24240;17.01.2025 20:00;0
24300;17.01.2025 21:00;0
24360;17.01.2025 22:00;0
24420;17.01.2025 23:00;0
24480;18.01.2025 00:00;0
24540;18.01.2025 01:00;0
24600;18.01.2025 02:00;0
24660;18.01.2025 03:00;0
24720;18.01.2025 04:00;0
24780;18.01.2025 05:00;0
24840;18.01.2025 06:00;20
24900;18.01.2025 07:00;0
24960;18.01.2025 08:00;0
25020;18.01.2025 09:00;0
25080;18.01.2025 10:00;0
25140;18.01.2025 11:00;0
25200;18.01.2025 12:00;0
25260;18.01.2025 13:00;9.884589063441622
25320;18.01.2025 14:00;0
25380;18.01.2025 15:00;10
25440;18.01.2025 16:00;0
25500;18.01.2025 17:00;0
25560;18.01.2025 18:00;0
25620;18.01.2025 19:00;0
25680;18.01.2025 20:00;0
25740;18.01.2025 21:00;0
25800;18.01.2025 22:00;0
25860;18.01.2025 23:00;0
25920;19.01.2025 00:00;0
25980;19.01.2025 01:00;0
26040;19.01.2025 02:00;0
26100;19.01.2025 03:00;0
26160;19.01.2025 04:00;10
26220;19.01.2025 05:00;0
26280;19.01.2025 06:00;0
26340;19.01.2025 07:00;0
26400;19.01.2025 08:00;0
26460;19.01.2025 09:00;0
26520;19.01.2025 10:00;0
26580;19.01.2025 11:00;0
26640;19.01.2025 12:00;10
26700;19.01.2025 13:00;0
26760;19.01.2025 14:00;0
26820;19.01.2025 15:00;0
26880;19.01.2025 16:00;0
26940;19.01.2025 17:00;0
27000;19.01.2025 18:00;0
27060;19.01.2025 19:00;0
27120;19.01.2025 20:00;0
27180;19.01.2025 21:00;0
27240;19.01.2025 22:00;0
27300;19.01.2025 23:00;0
27360;20.01.2025 00:00;0
27420;20.01.2025 01:00;0
27480;20.01.2025 02:00;0
27540;20.01.2025 03:00;0
27600;20.01.2025 04:00;20
27660;20.01.2025 05:00;0
27720;20.01.2025 06:00;0
27780;20.01.2025 07:00;0
27840;20.01.2025 08:00;50
27900;20.01.2025 09:00;0
27960;20.01.2025 10:00;0
28020;20.01.2025 11:00;0
28080;20.01.2025 12:00;0
28140;20.01.2025 13:00;28.872981260099486
28200;20.01.2025 14:00;0
28260;20.01.2025 15:00;0
28320;20.01.2025 16:00;0
28380;20.01.2025 17:00;0
28440;20.01.2025 18:00;0
28500;20.01.2025 19:00;0
28560;20.01.2025 20:00;0
28620;20.01.2025 21:00;0
28680;20.01.2025 22:00;0
28740;20.01.2025 23:00;0
28800;21.01.2025 00:00;0
28860;21.01.2025 01:00;0
28920;21.01.2025 02:00;0
28980;21.01.2025 03:00;0
29040;21.01.2025 04:00;0
29100;21.01.2025 05:00;20
29160;21.01.2025 06:00;0
29220;21.01.2025 07:00;0
29280;21.01.2025 08:00;0
29340;21.01.2025 09:00;0
29400;21.01.2025 10:00;0
29460;21.01.2025 11:00;0
29520;21.01.2025 12:00;0
29580;21.01.2025 13:00;0
29640;21.01.2025 14:00;10
29700;21.01.2025 15:00;0
29760;21.01.2025 16:00;0
29820;21.01.2025 17:00;0
29880;21.01.2025 18:00;0
29940;21.01.2025 19:00;0
30000;21.01.2025 20:00;0
30060;21.01.2025 21:00;0
30120;21.01.2025 22:00;0
30180;21.01.2025 23:00;0
30240;22.01.2025 00:00;0
30300;22.01.2025 01:00;0
30360;22.01.2025 02:00;0
30420;22.01.2025 03:00;0
30480;22.01.2025 04:00;10
30540;22.01.2025 05:00;0
30600;22.01.2025 06:00;0
30660;22.01.2025 07:00;0
30720;22.01.2025 08:00;0
30780;22.01.2025 09:00;0
30840;22.01.2025 10:00;60
30900;22.01.2025 11:00;0
30960;22.01.2025 12:00;0
31020;22.01.2025 13:00;0
31080;22.01.2025 14:00;0
31140;22.01.2025 15:00;0
31200;22.01.2025 16:00;0
31260;22.01.2025 17:00;20
31320;22.01.2025 18:00;19.686110582120357
31380;22.01.2025 19:00;0
31440;22.01.2025 20:00;0
31500;22.01.2025 21:00;0
31560;22.01.2025 22:00;0
31620;22.01.2025 23:00;0
31680;23.01.2025 00:00;0
31740;23.01.2025 01:00;0
31800;23.01.2025 02:00;0
31860;23.01.2025 03:00;0
31920;23.01.2025 04:00;0
31980;23.01.2025 05:00;0
32040;23.01.2025 06:00;0
32100;23.01.2025 07:00;20
32160;23.01.2025 08:00;0
32220;23.01.2025 09:00;0
32280;23.01.2025 10:00;0
32340;23.01.2025 11:00;0
32400;23.01.2025 12:00;0
32460;23.01.2025 13:00;0
32520;23.01.2025 14:00;0
32580;23.01.2025 15:00;0
32640;23.01.2025 16:00;20
32700;23.01.2025 17:00;0
32760;23.01.2025 18:00;0
32820;23.01.2025 19:00;0
32880;23.01.2025 20:00;0
32940;23.01.2025 21:00;0
33000;23.01.2025 22:00;0
33060;23.01.2025 23:00;0
33120;24.01.2025 00:00;0
33180;24.01.2025 01:00;0
33240;24.01.2025 02:00;0
33300;24.01.2025 03:00;0
33360;24.01.2025 04:00;20
33420;24.01.2025 05:00;0
33480;24.01.2025 06:00;0
33540;24.01.2025 07:00;0
33600;24.01.2025 08:00;0
33660;24.01.2025 09:00;0
33720;24.01.2025 10:00;0
33780;24.01.2025 11:00;0
33840;24.01.2025 12:00;20
33900;24.01.2025 13:00;0
33960;24.01.2025 14:00;9.943564339860906
34020;24.01.2025 15:00;0
34080;24.01.2025 16:00;0
34140;24.01.2025 17:00;0
34200;24.01.2025 18:00;0
34260;24.01.2025 19:00;0
34320;24.01.2025 20:00;0
34380;24.01.2025 21:00;0
34440;24.01.2025 22:00;0
34500;24.01.2025 23:00;0
34560;25.01.2025 00:00;0
34620;25.01.2025 01:00;0
34680;25.01.2025 02:00;0
34740;25.01.2025 03:00;0
34800;25.01.2025 04:00;20
34860;25.01.2025 05:00;0
34920;25.01.2025 06:00;0
34980;25.01.2025 07:00;0
35040;25.01.2025 08:00;0
35100;25.01.2025 09:00;0
35160;25.01.2025 10:00;0
35220;25.01.2025 11:00;0
35280;25.01.2025 12:00;10
35340;25.01.2025 13:00;0
35400;25.01.2025 14:00;0
35460;25.01.2025 15:00;0
35520;25.01.2025 16:00;0
35580;25.01.2025 17:00;0
35640;25.01.2025 18:00;0
35700;25.01.2025 19:00;0
35760;25.01.2025 20:00;20
35820;25.01.2025 21:00;0
35880;25.01.2025 22:00;0
35940;25.01.2025 23:00;0
36000;26.01.2025 00:00;0
36060;26.01.2025 01:00;0
36120;26.01.2025 02:00;0
36180;26.01.2025 03:00;0
36240;26.01.2025 04:00;0
36300;26.01.2025 05:00;0
36360;26.01.2025 06:00;0
36420;26.01.2025 07:00;0
36480;26.01.2025 08:00;0
36540;26.01.2025 09:00;70
36600;26.01.2025 10:00;0
36660;26.01.2025 11:00;0
36720;26.01.2025 12:00;19.754737154478164
36780;26.01.2025 13:00;0
36840;26.01.2025 14:00;0
36900;26.01.2025 15:00;0
36960;26.01.2025 16:00;10
37020;26.01.2025 17:00;0
37080;26.01.2025 18:00;0
37140;26.01.2025 19:00;0
37200;26.01.2025 20:00;0
37260;26.01.2025 21:00;0
37320;26.01.2025 22:00;0
37380;26.01.2025 23:00;0
37440;27.01.2025 00:00;0
37500;27.01.2025 01:00;0
37560;27.01.2025 02:00;0
37620;27.01.2025 03:00;0
37680;27.01.2025 04:00;0
37740;27.01.2025 05:00;20
37800;27.01.2025 06:00;0
37860;27.01.2025 07:00;0
37920;27.01.2025 08:00;0
37980;27.01.2025 09:00;0
38040;27.01.2025 10:00;0
38100;27.01.2025 11:00;0
38160;27.01.2025 12:00;0
38220;27.01.2025 13:00;0
38280;27.01.2025 14:00;0
38340;27.01.2025 15:00;0
38400;27.01.2025 16:00;0
38460;27.01.2025 17:00;0
38520;27.01.2025 18:00;0
38580;27.01.2025 19:00;0
38640;27.01.2025 20:00;10
38700;27.01.2025 21:00;0
38760;27.01.2025 22:00;0
38820;27.01.2025 23:00;0
38880;28.01.2025 00:00;0
38940;28.01.2025 01:00;0
39000;28.01.2025 02:00;0
39060;28.01.2025 03:00;0
39120;28.01.2025 04:00;0
39180;28.01.2025 05:00;0
39240;28.01.2025 06:00;0
39300;28.01.2025 07:00;0
39360;28.01.2025 08:00;20
39420;28.01.2025 09:00;0
39480;28.01.2025 10:00;0
39540;28.01.2025 11:00;10.283835370130012
39600;28.01.2025 12:00;0
39660;28.01.2025 13:00;0
39720;28.01.2025 14:00;0
39780;28.01.2025 15:00;0
39840;28.01.2025 16:00;0
39900;28.01.2025 17:00;0
39960;28.01.2025 18:00;20
40020;28.01.2025 19:00;0
40080;28.01.2025 20:00;0
40140;28.01.2025 21:00;0
40200;28.01.2025 22:00;0
40260;28.01.2025 23:00;0
40320;29.01.2025 00:00;0
40380;29.01.2025 01:00;0
40440;29.01.2025 02:00;0
40500;29.01.2025 03:00;0
40560;29.01.2025 04:00;0
40620;29.01.2025 05:00;10
40680;29.01.2025 06:00;0
40740;29.01.2025 07:00;0
40800;29.01.2025 08:00;0
40860;29.01.2025 09:00;0
40920;29.01.2025 10:00;0
40980;29.01.2025 11:00;0
41040;29.01.2025 12:00;0
41100;29.01.2025 13:00;10
41160;29.01.2025 14:00;0
41220;29.01.2025 15:00;0
41280;29.01.2025 16:00;0
41340;29.01.2025 17:00;0
41400;29.01.2025 18:00;0
41460;29.01.2025 19:00;0
41520;29.01.2025 20:00;0
41580;29.01.2025 21:00;0
41640;29.01.2025 22:00;0
41700;29.01.2025 23:00;0
41760;30.01.2025 00:00;0
41820;30.01.2025 01:00;0
41880;30.01.2025 02:00;0
41940;30.01.2025 03:00;0
42000;30.01.2025 04:00;0
42060;30.01.2025 05:00;10
42120;30.01.2025 06:00;0
42180;30.01.2025 07:00;0
42240;30.01.2025 08:00;0
42300;30.01.2025 09:00;0
42360;30.01.2025 10:00;0
42420;30.01.2025 11:00;0
42480;30.01.2025 12:00;16.967972459987553
42540;30.01.2025 13:00;10
42600;30.01.2025 14:00;0
42660;30.01.2025 15:00;0
42720;30.01.2025 16:00;0
42780;30.01.2025 17:00;0
42840;30.01.2025 18:00;0
42900;30.01.2025 19:00;0
42960;30.01.2025 20:00;0
43020;30.01.2025 21:00;0
43080;30.01.2025 22:00;0
43140;30.01.2025 23:00;0
43200;31.01.2025 00:00;0
43260;31.01.2025 01:00;0
43320;31.01.2025 02:00;0
43380;31.01.2025 03:00;0
43440;31.01.2025 04:00;10
43500;31.01.2025 05:00;0
43560;31.01.2025 06:00;0
43620;31.01.2025 07:00;0
43680;31.01.2025 08:00;0
43740;31.01.2025 09:00;0
43800;31.01.2025 10:00;0
43860;31.01.2025 11:00;0
43920;31.01.2025 12:00;0
43980;31.01.2025 13:00;20
44040;31.01.2025 14:00;0
44100;31.01.2025 15:00;0
44160;31.01.2025 16:00;0
44220;31.01.2025 17:00;0
44280;31.01.2025 18:00;0
44340;31.01.2025 19:00;0
44400;31.01.2025 20:00;0
44460;31.01.2025 21:00;0
44520;31.01.2025 22:00;0
44580;31.01.2025 23:00;0
44640;01.02.2025 00:00;0
44700;01.02.2025 01:00;0
44760;01.02.2025 02:00;0
44820;01.02.2025 03:00;0
44880;01.02.2025 04:00;0
44940;01.02.2025 05:00;20
45000;01.02.2025 06:00;0
45060;01.02.2025 07:00;0
45120;01.02.2025 08:00;0
45180;01.02.2025 09:00;50
45240;01.02.2025 10:00;0
45300;01.02.2025 11:00;0
45360;01.02.2025 12:00;19.703275281636564
45420;01.02.2025 13:00;0
45480;01.02.2025 14:00;0
45540;01.02.2025 15:00;0
45600;01.02.2025 16:00;0
45660;01.02.2025 17:00;0
45720;01.02.2025 18:00;0
45780;01.02.2025 19:00;0
45840;01.02.2025 20:00;0
45900;01.02.2025 21:00;0
45960;01.02.2025 22:00;0
46020;01.02.2025 23:00;0
46080;02.02.2025 00:00;0
46140;02.02.2025 01:00;0
46200;02.02.2025 02:00;0
46260;02.02.2025 03:00;0
46320;02.02.2025 04:00;10
46380;02.02.2025 05:00;0
46440;02.02.2025 06:00;0
46500;02.02.2025 07:00;0
46560;02.02.2025 08:00;0
46620;02.02.2025 09:00;0
46680;02.02.2025 10:00;0
46740;02.02.2025 11:00;10
46800;02.02.2025 12:00;0
46860;02.02.2025 13:00;0
46920;02.02.2025 14:00;0
46980;02.02.2025 15:00;0
47040;02.02.2025 16:00;0
47100;02.02.2025 17:00;0
47160;02.02.2025 18:00;0
47220;02.02.2025 19:00;0
47280;02.02.2025 20:00;10
47340;02.02.2025 21:00;0
47400;02.02.2025 22:00;0
47460;02.02.2025 23:00;0
47520;03.02.2025 00:00;0
47580;03.02.2025 01:00;0
47640;03.02.2025 02:00;0
47700;03.02.2025 03:00;0
47760;03.02.2025 04:00;0
47820;03.02.2025 05:00;0
47880;03.02.2025 06:00;0
47940;03.02.2025 07:00;0
48000;03.02.2025 08:00;20
48060;03.02.2025 09:00;0
48120;03.02.2025 10:00;0
48180;03.02.2025 11:00;0
48240;03.02.2025 12:00;0
48300;03.02.2025 13:00;0
48360;03.02.2025 14:00;0
48420;03.02.2025 15:00;0
48480;03.02.2025 16:00;0
48540;03.02.2025 17:00;0
48600;03.02.2025 18:00;19.766974773725238
48660;03.02.2025 19:00;0
48720;03.02.2025 20:00;20
48780;03.02.2025 21:00;0
48840;03.02.2025 22:00;0
48900;03.02.2025 23:00;0
48960;04.02.2025 00:00;0
49020;04.02.2025 01:00;0
49080;04.02.2025 02:00;0
49140;04.02.2025 03:00;0
49200;04.02.2025 04:00;0
49260;04.02.2025 05:00;0
49320;04.02.2025 06:00;0
49380;04.02.2025 07:00;20
49440;04.02.2025 08:00;0
49500;04.02.2025 09:00;0
49560;04.02.2025 10:00;0
49620;04.02.2025 11:00;0
49680;04.02.2025 12:00;0
49740;04.02.2025 13:00;0
49800;04.02.2025 14:00;0
49860;04.02.2025 15:00;0
49920;04.02.2025 16:00;10
49980;04.02.2025 17:00;0
50040;04.02.2025 18:00;0
50100;04.02.2025 19:00;0
50160;04.02.2025 20:00;0
50220;04.02.2025 21:00;0
50280;04.02.2025 22:00;0
50340;04.02.2025 23:00;0
50400;05.02.2025 00:00;0
50460;05.02.2025 01:00;0
50520;05.02.2025 02:00;0
50580;05.02.2025 03:00;0
50640;05.02.2025 04:00;0
50700;05.02.2025 05:00;0
50760;05.02.2025 06:00;0
50820;05.02.2025 07:00;10
50880;05.02.2025 08:00;0
50940;05.02.2025 09:00;0
51000;05.02.2025 10:00;0
51060;05.02.2025 11:00;0
51120;05.02.2025 12:00;0
51180;05.02.2025 13:00;9.970491471630021
51240;05.02.2025 14:00;0
51300;05.02.2025 15:00;0
51360;05.02.2025 16:00;0
51420;05.02.2025 17:00;0
51480;05.02.2025 18:00;20
51540;05.02.2025 19:00;0
51600;05.02.2025 20:00;0
51660;05.02.2025 21:00;0
51720;05.02.2025 22:00;0
51780;05.02.2025 23:00;0
51840;06.02.2025 00:00;0
51900;06.02.2025 01:00;0
51960;06.02.2025 02:00;0
52020;06.02.2025 03:00;0
52080;06.02.2025 04:00;0
52140;06.02.2025 05:00;0
52200;06.02.2025 06:00;0
52260;06.02.2025 07:00;10
52320;06.02.2025 08:00;0
52380;06.02.2025 09:00;60
52440;06.02.2025 10:00;0
52500;06.02.2025 11:00;0
52560;06.02.2025 12:00;0
52620;06.02.2025 13:00;0
52680;06.02.2025 14:00;0
52740;06.02.2025 15:00;20
52800;06.02.2025 16:00;0
52860;06.02.2025 17:00;0
52920;06.02.2025 18:00;0
52980;06.02.2025 19:00;0
53040;06.02.2025 20:00;0
53100;06.02.2025 21:00;0
53160;06.02.2025 22:00;0
53220;06.02.2025 23:00;0
53280;07.02.2025 00:00;0
53340;07.02.2025 01:00;0
53400;07.02.2025 02:00;0
53460;07.02.2025 03:00;0
53520;07.02.2025 04:00;20
53580;07.02.2025 05:00;0
53640;07.02.2025 06:00;0
53700;07.02.2025 07:00;0
53760;07.02.2025 08:00;0
53820;07.02.2025 09:00;0
53880;07.02.2025 10:00;0
53940;07.02.2025 11:00;0
54000;07.02.2025 12:00;0
54060;07.02.2025 13:00;30.169757794797974
54120;07.02.2025 14:00;0
54180;07.02.2025 15:00;0
54240;07.02.2025 16:00;0
54300;07.02.2025 17:00;0
54360;07.02.2025 18:00;0
54420;07.02.2025 19:00;0
54480;07.02.2025 20:00;0
54540;07.02.2025 21:00;0
54600;07.02.2025 22:00;0
54660;07.02.2025 23:00;10
54720;08.02.2025 00:00;10
54780;08.02.2025 01:00;0
54840;08.02.2025 02:00;0
54900;08.02.2025 03:00;0
54960;08.02.2025 04:00;0
55020;08.02.2025 05:00;0
55080;08.02.2025 06:00;0
55140;08.02.2025 07:00;0
55200;08.02.2025 08:00;0
55260;08.02.2025 09:00;0
55320;08.02.2025 10:00;0
55380;08.02.2025 11:00;0
55440;08.02.2025 12:00;10
55500;08.02.2025 13:00;0
55560;08.02.2025 14:00;0
55620;08.02.2025 15:00;0
55680;08.02.2025 16:00;0
55740;08.02.2025 17:00;0
55800;08.02.2025 18:00;0
55860;08.02.2025 19:00;0
55920;08.02.2025 20:00;0
55980;08.02.2025 21:00;20
56040;08.02.2025 22:00;0
56100;08.02.2025 23:00;0
56160;09.02.2025 00:00;0
56220;09.02.2025 01:00;0
56280;09.02.2025 02:00;0
56340;09.02.2025 03:00;0
56400;09.02.2025 04:00;0
56460;09.02.2025 05:00;0
56520;09.02.2025 06:00;0
56580;09.02.2025 07:00;0
56640;09.02.2025 08:00;0
56700;09.02.2025 09:00;0
56760;09.02.2025 10:00;20
56820;09.02.2025 11:00;0
56880;09.02.2025 12:00;0
56940;09.02.2025 13:00;21.066600845891116
57000;09.02.2025 14:00;0
57060;09.02.2025 15:00;0
57120;09.02.2025 16:00;0
57180;09.02.2025 17:00;20
57240;09.02.2025 18:00;0
57300;09.02.2025 19:00;0
57360;09.02.2025 20:00;0
57420;09.02.2025 21:00;0
57480;09.02.2025 22:00;0
57540;09.02.2025 23:00;0
57600;10.02.2025 00:00;0
57660;10.02.2025 01:00;0
57720;10.02.2025 02:00;0
57780;10.02.2025 03:00;0
57840;10.02.2025 04:00;0
57900;10.02.2025 05:00;0
57960;10.02.2025 06:00;0
58020;10.02.2025 07:00;20
58080;10.02.2025 08:00;0
58140;10.02.2025 09:00;0
58200;10.02.2025 10:00;0
58260;10.02.2025 11:00;0
58320;10.02.2025 12:00;0
58380;10.02.2025 13:00;0
58440;10.02.2025 14:00;0
58500;10.02.2025 15:00;0
58560;10.02.2025 16:00;0
58620;10.02.2025 17:00;0
58680;10.02.2025 18:00;0
58740;10.02.2025 19:00;0
58800;10.02.2025 20:00;0
58860;10.02.2025 21:00;0
58920;10.02.2025 22:00;0
58980;10.02.2025 23:00;0
59040;11.02.2025 00:00;0
59100;11.02.2025 01:00;0
59160;11.02.2025 02:00;0
59220;11.02.2025 03:00;20
59280;11.02.2025 04:00;0
59340;11.02.2025 05:00;0
59400;11.02.2025 06:00;0
59460;11.02.2025 07:00;0
59520;11.02.2025 08:00;0
59580;11.02.2025 09:00;0
59640;11.02.2025 10:00;0
59700;11.02.2025 11:00;0
59760;11.02.2025 12:00;10
59820;11.02.2025 13:00;9.735845969033692
59880;11.02.2025 14:00;0
59940;11.02.2025 15:00;0
60000;11.02.2025 16:00;0
60060;11.02.2025 17:00;0
60120;11.02.2025 18:00;0
60180;11.02.2025 19:00;0
60240;11.02.2025 20:00;0
60300;11.02.2025 21:00;10
60360;11.02.2025 22:00;0
60420;11.02.2025 23:00;0
60480;12.02.2025 00:00;0
60540;12.02.2025 01:00;0
60600;12.02.2025 02:00;0
60660;12.02.2025 03:00;0
60720;12.02.2025 04:00;0
60780;12.02.2025 05:00;0
60840;12.02.2025 06:00;0
60900;12.02.2025 07:00;0
60960;12.02.2025 08:00;0
61020;12.02.2025 09:00;65
61080;12.02.2025 10:00;0
61140;12.02.2025 11:00;0
61200;12.02.2025 12:00;0
61260;12.02.2025 13:00;0
61320;12.02.2025 14:00;0
61380;12.02.2025 15:00;0
61440;12.02.2025 16:00;0
61500;12.02.2025 17:00;0
61560;12.02.2025 18:00;0
61620;12.02.2025 19:00;0
61680;12.02.2025 20:00;10
61740;12.02.2025 21:00;0
61800;12.02.2025 22:00;0
61860;12.02.2025 23:00;0
61920;13.02.2025 00:00;0
61980;13.02.2025 01:00;0
62040;13.02.2025 02:00;0
62100;13.02.2025 03:00;0
62160;13.02.2025 04:00;0
62220;13.02.2025 05:00;0
62280;13.02.2025 06:00;0
62340;13.02.2025 07:00;10
62400;13.02.2025 08:00;10
62460;13.02.2025 09:00;0
62520;13.02.2025 10:00;0
62580;13.02.2025 11:00;0
62640;13.02.2025 12:00;0
62700;13.02.2025 13:00;21.97534734274075
62760;13.02.2025 14:00;0
62820;13.02.2025 15:00;0
62880;13.02.2025 16:00;0
62940;13.02.2025 17:00;0
63000;13.02.2025 18:00;10
63060;13.02.2025 19:00;0
63120;13.02.2025 20:00;0
63180;13.02.2025 21:00;0
63240;13.02.2025 22:00;0
63300;13.02.2025 23:00;0
63360;14.02.2025 00:00;0
63420;14.02.2025 01:00;0
63480;14.02.2025 02:00;0
63540;14.02.2025 03:00;0
63600;14.02.2025 04:00;0
63660;14.02.2025 05:00;10
63720;14.02.2025 06:00;0
63780;14.02.2025 07:00;0
63840;14.02.2025 08:00;0
63900;14.02.2025 09:00;0
63960;14.02.2025 10:00;0
64020;14.02.2025 11:00;0
64080;14.02.2025 12:00;0
64140;14.02.2025 13:00;0
64200;14.02.2025 14:00;0
64260;14.02.2025 15:00;0
64320;14.02.2025 16:00;0
64380;14.02.2025 17:00;10
64440;14.02.2025 18:00;0
64500;14.02.2025 19:00;0
64560;14.02.2025 20:00;0
64620;14.02.2025 21:00;0
64680;14.02.2025 22:00;0
64740;14.02.2025 23:00;0
64800;15.02.2025 00:00;0
64860;15.02.2025 01:00;0
64920;15.02.2025 02:00;0
64980;15.02.2025 03:00;0
65040;15.02.2025 04:00;0
65100;15.02.2025 05:00;0
65160;15.02.2025 06:00;0
65220;15.02.2025 07:00;20
65280;15.02.2025 08:00;0
65340;15.02.2025 09:00;55
65400;15.02.2025 10:00;0
65460;15.02.2025 11:00;0
65520;15.02.2025 12:00;0
65580;15.02.2025 13:00;0
65640;15.02.2025 14:00;8.331418397720789
65700;15.02.2025 15:00;31.978038991440386
65760;15.02.2025 16:00;0
65820;15.02.2025 17:00;0
65880;15.02.2025 18:00;0
65940;15.02.2025 19:00;0
66000;15.02.2025 20:00;0
66060;15.02.2025 21:00;0
66120;15.02.2025 22:00;0
66180;15.02.2025 23:00;0
66240;16.02.2025 00:00;0
66300;16.02.2025 01:00;0
66360;16.02.2025 02:00;0
66420;16.02.2025 03:00;0
66480;16.02.2025 04:00;10
66540;16.02.2025 05:00;0
66600;16.02.2025 06:00;0
66660;16.02.2025 07:00;0
66720;16.02.2025 08:00;0
66780;16.02.2025 09:00;0
66840;16.02.2025 10:00;0
66900;16.02.2025 11:00;0
66960;16.02.2025 12:00;0
67020;16.02.2025 13:00;0
67080;16.02.2025 14:00;20
67140;16.02.2025 15:00;0
67200;16.02.2025 16:00;0
67260;16.02.2025 17:00;0
67320;16.02.2025 18:00;0
67380;16.02.2025 19:00;0
67440;16.02.2025 20:00;0
67500;16.02.2025 21:00;20
67560;16.02.2025 22:00;0
67620;16.02.2025 23:00;0
67680;17.02.2025 00:00;0
67740;17.02.2025 01:00;0
67800;17.02.2025 02:00;0
67860;17.02.2025 03:00;0
67920;17.02.2025 04:00;0
67980;17.02.2025 05:00;0
68040;17.02.2025 06:00;0
68100;17.02.2025 07:00;0
68160;17.02.2025 08:00;0
68220;17.02.2025 09:00;0
68280;17.02.2025 10:00;20
68340;17.02.2025 11:00;0
68400;17.02.2025 12:00;0
68460;17.02.2025 13:00;0
68520;17.02.2025 14:00;0
68580;17.02.2025 15:00;0
68640;17.02.2025 16:00;0
68700;17.02.2025 17:00;20.85478496999174
68760;17.02.2025 18:00;0
68820;17.02.2025 19:00;0
68880;17.02.2025 20:00;0
68940;17.02.2025 21:00;20
69000;17.02.2025 22:00;0
69060;17.02.2025 23:00;0
69120;18.02.2025 00:00;0
69180;18.02.2025 01:00;0
69240;18.02.2025 02:00;0
69300;18.02.2025 03:00;0
69360;18.02.2025 04:00;0
69420;18.02.2025 05:00;0
69480;18.02.2025 06:00;0
69540;18.02.2025 07:00;0
69600;18.02.2025 08:00;10
69660;18.02.2025 09:00;55
69720;18.02.2025 10:00;0
69780;18.02.2025 11:00;0
69840;18.02.2025 12:00;0
69900;18.02.2025 13:00;0
69960;18.02.2025 14:00;0
70020;18.02.2025 15:00;0
70080;18.02.2025 16:00;0
70140;18.02.2025 17:00;0
70200;18.02.2025 18:00;10
70260;18.02.2025 19:00;0
70320;18.02.2025 20:00;0
70380;18.02.2025 21:00;0
70440;18.02.2025 22:00;0
70500;18.02.2025 23:00;0
70560;19.02.2025 00:00;0
70620;19.02.2025 01:00;0
70680;19.02.2025 02:00;0
70740;19.02.2025 03:00;0
70800;19.02.2025 04:00;0
70860;19.02.2025 05:00;0
70920;19.02.2025 06:00;0
70980;19.02.2025 07:00;0
71040;19.02.2025 08:00;10
71100;19.02.2025 09:00;0
71160;19.02.2025 10:00;0
71220;19.02.2025 11:00;0
71280;19.02.2025 12:00;0
71340;19.02.2025 13:00;11.59949812989764
71400;19.02.2025 14:00;0
71460;19.02.2025 15:00;0
71520;19.02.2025 16:00;0
71580;19.02.2025 17:00;10
71640;19.02.2025 18:00;0
71700;19.02.2025 19:00;0
71760;19.02.2025 20:00;0
71820;19.02.2025 21:00;0
71880;19.02.2025 22:00;0
71940;19.02.2025 23:00;0
72000;20.02.2025 00:00;0
72060;20.02.2025 01:00;0
72120;20.02.2025 02:00;0
72180;20.02.2025 03:00;0
72240;20.02.2025 04:00;0
72300;20.02.2025 05:00;0
72360;20.02.2025 06:00;0
72420;20.02.2025 07:00;10
72480;20.02.2025 08:00;0
72540;20.02.2025 09:00;0
72600;20.02.2025 10:00;0
72660;20.02.2025 11:00;0
72720;20.02.2025 12:00;0
72780;20.02.2025 13:00;0
72840;20.02.2025 14:00;0
72900;20.02.2025 15:00;0
72960;20.02.2025 16:00;0
73020;20.02.2025 17:00;10
73080;20.02.2025 18:00;0
73140;20.02.2025 19:00;0
73200;20.02.2025 20:00;0
73260;20.02.2025 21:00;0
73320;20.02.2025 22:00;0
73380;20.02.2025 23:00;0
73440;21.02.2025 00:00;0
73500;21.02.2025 01:00;0
73560;21.02.2025 02:00;0
73620;21.02.2025 03:00;0
73680;21.02.2025 04:00;0
73740;21.02.2025 05:00;0
73800;21.02.2025 06:00;0
73860;21.02.2025 07:00;10
73920;21.02.2025 08:00;0
73980;21.02.2025 09:00;0
74040;21.02.2025 10:00;0
74100;21.02.2025 11:00;0
74160;21.02.2025 12:00;0
74220;21.02.2025 13:00;11.046655833819186
74280;21.02.2025 14:00;0
74340;21.02.2025 15:00;0
74400;21.02.2025 16:00;0
74460;21.02.2025 17:00;0
74520;21.02.2025 18:00;10
74580;21.02.2025 19:00;0
74640;21.02.2025 20:00;0
74700;21.02.2025 21:00;0
74760;21.02.2025 22:00;0
74820;21.02.2025 23:00;0
74880;22.02.2025 00:00;0
74940;22.02.2025 01:00;0
75000;22.02.2025 02:00;0
75060;22.02.2025 03:00;0
75120;22.02.2025 04:00;0
75180;22.02.2025 05:00;10
75240;22.02.2025 06:00;0
75300;22.02.2025 07:00;0
75360;22.02.2025 08:00;0
75420;22.02.2025 09:00;0
75480;22.02.2025 10:00;0
75540;22.02.2025 11:00;0
75600;22.02.2025 12:00;0
75660;22.02.2025 13:00;0
75720;22.02.2025 14:00;0
75780;22.02.2025 15:00;10
75840;22.02.2025 16:00;0
75900;22.02.2025 17:00;0
75960;22.02.2025 18:00;0
76020;22.02.2025 19:00;0
76080;22.02.2025 20:00;0
76140;22.02.2025 21:00;0
76200;22.02.2025 22:00;0
76260;22.02.2025 23:00;0
76320;23.02.2025 00:00;0
76380;23.02.2025 01:00;0
76440;23.02.2025 02:00;0
76500;23.02.2025 03:00;0
76560;23.02.2025 04:00;10
76620;23.02.2025 05:00;0
76680;23.02.2025 06:00;0
76740;23.02.2025 07:00;0
76800;23.02.2025 08:00;0
76860;23.02.2025 09:00;0
76920;23.02.2025 10:00;0
76980;23.02.2025 11:00;0
77040;23.02.2025 12:00;0
77100;23.02.2025 13:00;18.68278719152086
77160;23.02.2025 14:00;10
77220;23.02.2025 15:00;0
77280;23.02.2025 16:00;0
77340;23.02.2025 17:00;0
77400;23.02.2025 18:00;0
77460;23.02.2025 19:00;0
77520;23.02.2025 20:00;0
77580;23.02.2025 21:00;0
77640;23.02.2025 22:00;0
77700;23.02.2025 23:00;0
77760;24.02.2025 00:00;0
77820;24.02.2025 01:00;0
77880;24.02.2025 02:00;0
77940;24.02.2025 03:00;0
78000;24.02.2025 04:00;0
78060;24.02.2025 05:00;0
78120;24.02.2025 06:00;0
78180;24.02.2025 07:00;19.47822782056602
78240;24.02.2025 08:00;0
78300;24.02.2025 09:00;0
78360;24.02.2025 10:00;40.75624345518629
78420;24.02.2025 11:00;0
78480;24.02.2025 12:00;0
78540;24.02.2025 13:00;0
78600;24.02.2025 14:00;9.917961170048994
78660;24.02.2025 15:00;0
78720;24.02.2025 16:00;10
78780;24.02.2025 17:00;0
78840;24.02.2025 18:00;0
78900;24.02.2025 19:00;0
78960;24.02.2025 20:00;0
79020;24.02.2025 21:00;0
79080;24.02.2025 22:00;0
79140;24.02.2025 23:00;0
79200;25.02.2025 00:00;0
79260;25.02.2025 01:00;0
79320;25.02.2025 02:00;0
79380;25.02.2025 03:00;0
79440;25.02.2025 04:00;0
79500;25.02.2025 05:00;0
79560;25.02.2025 06:00;0
79620;25.02.2025 07:00;0
79680;25.02.2025 08:00;60
79740;25.02.2025 09:00;0
79800;25.02.2025 10:00;0
79860;25.02.2025 11:00;0
79920;25.02.2025 12:00;0
79980;25.02.2025 13:00;0
80040;25.02.2025 14:00;0
80100;25.02.2025 15:00;0
80160;25.02.2025 16:00;20
80220;25.02.2025 17:00;0
80280;25.02.2025 18:00;0
80340;25.02.2025 19:00;0
80400;25.02.2025 20:00;0
80460;25.02.2025 21:00;0
80520;25.02.2025 22:00;10
80580;25.02.2025 23:00;0
80640;26.02.2025 00:00;0
80700;26.02.2025 01:00;0
80760;26.02.2025 02:00;0
80820;26.02.2025 03:00;0
80880;26.02.2025 04:00;0
80940;26.02.2025 05:00;0
81000;26.02.2025 06:00;0
81060;26.02.2025 07:00;0
81120;26.02.2025 08:00;0
81180;26.02.2025 09:00;0
81240;26.02.2025 10:00;10
81300;26.02.2025 11:00;0
81360;26.02.2025 12:00;0
81420;26.02.2025 13:00;22.479566712321912
81480;26.02.2025 14:00;0
81540;26.02.2025 15:00;0
81600;26.02.2025 16:00;0
81660;26.02.2025 17:00;0
81720;26.02.2025 18:00;0
81780;26.02.2025 19:00;0
81840;26.02.2025 20:00;10
81900;26.02.2025 21:00;0
81960;26.02.2025 22:00;0
82020;26.02.2025 23:00;0
82080;27.02.2025 00:00;0
82140;27.02.2025 01:00;0
82200;27.02.2025 02:00;0
82260;27.02.2025 03:00;0
82320;27.02.2025 04:00;0
82380;27.02.2025 05:00;0
82440;27.02.2025 06:00;0
82500;27.02.2025 07:00;0
82560;27.02.2025 08:00;10
82620;27.02.2025 09:00;0
82680;27.02.2025 10:00;0
82740;27.02.2025 11:00;0
82800;27.02.2025 12:00;0
82860;27.02.2025 13:00;0
82920;27.02.2025 14:00;0
82980;27.02.2025 15:00;0
83040;27.02.2025 16:00;0
83100;27.02.2025 17:00;0
83160;27.02.2025 18:00;10
83220;27.02.2025 19:00;0
83280;27.02.2025 20:00;0
83340;27.02.2025 21:00;0
83400;27.02.2025 22:00;0
83460;27.02.2025 23:00;0
83520;28.02.2025 00:00;0
83580;28.02.2025 01:00;0
83640;28.02.2025 02:00;0
83700;28.02.2025 03:00;0
83760;28.02.2025 04:00;0
83820;28.02.2025 05:00;0
83880;28.02.2025 06:00;0
83940;28.02.2025 07:00;10
84000;28.02.2025 08:00;0
84060;28.02.2025 09:00;0
84120;28.02.2025 10:00;0
84180;28.02.2025 11:00;0
84240;28.02.2025 12:00;9.303310821517686
84300;28.02.2025 13:00;0
84360;28.02.2025 14:00;0
84420;28.02.2025 15:00;0
84480;28.02.2025 16:00;0
84540;28.02.2025 17:00;0
84600;28.02.2025 18:00;10
84660;28.02.2025 19:00;0
84720;28.02.2025 20:00;0
84780;28.02.2025 21:00;0
84840;28.02.2025 22:00;0
84900;28.02.2025 23:00;0
84960;01.03.2025 00:00;0
85020;01.03.2025 01:00;0
85080;01.03.2025 02:00;0
85140;01.03.2025 03:00;0
85200;01.03.2025 04:00;0
85260;01.03.2025 05:00;0
85320;01.03.2025 06:00;0
85380;01.03.2025 07:00;0
85440;01.03.2025 08:00;20
85500;01.03.2025 09:00;0
85560;01.03.2025 10:00;0
85620;01.03.2025 11:00;0
85680;01.03.2025 12:00;0
85740;01.03.2025 13:00;0
85800;01.03.2025 14:00;0
85860;01.03.2025 15:00;0
85920;01.03.2025 16:00;0
85980;01.03.2025 17:00;0
86040;01.03.2025 18:00;10
86100;01.03.2025 19:00;0
86160;01.03.2025 20:00;0
86220;01.03.2025 21:00;0
86280;01.03.2025 22:00;0
86340;01.03.2025 23:00;0
86400;02.03.2025 00:00;0
86460;02.03.2025 01:00;0
86520;02.03.2025 02:00;0
86580;02.03.2025 03:00;0
86640;02.03.2025 04:00;0
86700;02.03.2025 05:00;10
86760;02.03.2025 06:00;0
86820;02.03.2025 07:00;0
86880;02.03.2025 08:00;0
86940;02.03.2025 09:00;45
87000;02.03.2025 10:00;0
87060;02.03.2025 11:00;0
87120;02.03.2025 12:00;22.350243427279516
87180;02.03.2025 13:00;0
87240;02.03.2025 14:00;10
87300;02.03.2025 15:00;0
87360;02.03.2025 16:00;0
87420;02.03.2025 17:00;0
87480;02.03.2025 18:00;0
87540;02.03.2025 19:00;0
87600;02.03.2025 20:00;0
87660;02.03.2025 21:00;0
87720;02.03.2025 22:00;0
87780;02.03.2025 23:00;0
87840;03.03.2025 00:00;0
87900;03.03.2025 01:00;0
87960;03.03.2025 02:00;0
88020;03.03.2025 03:00;0
88080;03.03.2025 04:00;20
88140;03.03.2025 05:00;0
88200;03.03.2025 06:00;0
88260;03.03.2025 07:00;0
88320;03.03.2025 08:00;0
88380;03.03.2025 09:00;0
88440;03.03.2025 10:00;0
88500;03.03.2025 11:00;0
88560;03.03.2025 12:00;0
88620;03.03.2025 13:00;0
88680;03.03.2025 14:00;0
88740;03.03.2025 15:00;0
88800;03.03.2025 16:00;0
88860;03.03.2025 17:00;0
88920;03.03.2025 18:00;10
88980;03.03.2025 19:00;0
89040;03.03.2025 20:00;0
89100;03.03.2025 21:00;0
89160;03.03.2025 22:00;0
89220;03.03.2025 23:00;0
89280;04.03.2025 00:00;0
89340;04.03.2025 01:00;0
89400;04.03.2025 02:00;0
89460;04.03.2025 03:00;0
89520;04.03.2025 04:00;0
89580;04.03.2025 05:00;0
89640;04.03.2025 06:00;0
89700;04.03.2025 07:00;20
89760;04.03.2025 08:00;0
89820;04.03.2025 09:00;0
89880;04.03.2025 10:00;0
89940;04.03.2025 11:00;0
90000;04.03.2025 12:00;9.993719428798792
90060;04.03.2025 13:00;0
90120;04.03.2025 14:00;0
90180;04.03.2025 15:00;0
90240;04.03.2025 16:00;0
90300;04.03.2025 17:00;0
90360;04.03.2025 18:00;20
90420;04.03.2025 19:00;0
90480;04.03.2025 20:00;0
90540;04.03.2025 21:00;0
90600;04.03.2025 22:00;0
90660;04.03.2025 23:00;0
90720;05.03.2025 00:00;0
90780;05.03.2025 01:00;0
90840;05.03.2025 02:00;0
90900;05.03.2025 03:00;0
90960;05.03.2025 04:00;0
91020;05.03.2025 05:00;0
91080;05.03.2025 06:00;20
91140;05.03.2025 07:00;0
91200;05.03.2025 08:00;0
91260;05.03.2025 09:00;0
91320;05.03.2025 10:00;0
91380;05.03.2025 11:00;0
91440;05.03.2025 12:00;0
91500;05.03.2025 13:00;0
91560;05.03.2025 14:00;0
91620;05.03.2025 15:00;0
91680;05.03.2025 16:00;0
91740;05.03.2025 17:00;0
91800;05.03.2025 18:00;10
91860;05.03.2025 19:00;0
91920;05.03.2025 20:00;0
91980;05.03.2025 21:00;0
92040;05.03.2025 22:00;0
92100;05.03.2025 23:00;0
92160;06.03.2025 00:00;0
92220;06.03.2025 01:00;0
92280;06.03.2025 02:00;0
92340;06.03.2025 03:00;0
92400;06.03.2025 04:00;0
92460;06.03.2025 05:00;0
92520;06.03.2025 06:00;10
92580;06.03.2025 07:00;0
92640;06.03.2025 08:00;0
92700;06.03.2025 09:00;0
92760;06.03.2025 10:00;0
92820;06.03.2025 11:00;21.280394297607113
92880;06.03.2025 12:00;0
92940;06.03.2025 13:00;0
93000;06.03.2025 14:00;0
93060;06.03.2025 15:00;10
93120;06.03.2025 16:00;0
93180;06.03.2025 17:00;0
93240;06.03.2025 18:00;0
93300;06.03.2025 19:00;0
93360;06.03.2025 20:00;0
93420;06.03.2025 21:00;0
93480;06.03.2025 22:00;0
93540;06.03.2025 23:00;0
93600;07.03.2025 00:00;0
93660;07.03.2025 01:00;0
93720;07.03.2025 02:00;0
93780;07.03.2025 03:00;0
93840;07.03.2025 04:00;0
93900;07.03.2025 05:00;10
93960;07.03.2025 06:00;0
94020;07.03.2025 07:00;0
94080;07.03.2025 08:00;0
94140;07.03.2025 09:00;0
94200;07.03.2025 10:00;0
94260;07.03.2025 11:00;0
94320;07.03.2025 12:00;0
94380;07.03.2025 13:00;0
94440;07.03.2025 14:00;10
94500;07.03.2025 15:00;0
94560;07.03.2025 16:00;0
94620;07.03.2025 17:00;0
94680;07.03.2025 18:00;0
94740;07.03.2025 19:00;0
94800;07.03.2025 20:00;0
94860;07.03.2025 21:00;0
94920;07.03.2025 22:00;0
94980;07.03.2025 23:00;0
95040;08.03.2025 00:00;0
95100;08.03.2025 01:00;0
95160;08.03.2025 02:00;0
95220;08.03.2025 03:00;0
95280;08.03.2025 04:00;0
95340;08.03.2025 05:00;20
95400;08.03.2025 06:00;0
95460;08.03.2025 07:00;0
95520;08.03.2025 08:00;0
95580;08.03.2025 09:00;45
95640;08.03.2025 10:00;0
95700;08.03.2025 11:00;0
95760;08.03.2025 12:00;0
95820;08.03.2025 13:00;18.775924594671473
95880;08.03.2025 14:00;0
95940;08.03.2025 15:00;0
96000;08.03.2025 16:00;0
96060;08.03.2025 17:00;0
96120;08.03.2025 18:00;0
96180;08.03.2025 19:00;0
96240;08.03.2025 20:00;0
96300;08.03.2025 21:00;0
96360;08.03.2025 22:00;0
96420;08.03.2025 23:00;0
96480;09.03.2025 00:00;0
96540;09.03.2025 01:00;0
96600;09.03.2025 02:00;0
96660;09.03.2025 03:00;0
96720;09.03.2025 04:00;10
96780;09.03.2025 05:00;0
96840;09.03.2025 06:00;0
96900;09.03.2025 07:00;0
96960;09.03.2025 08:00;0
97020;09.03.2025 09:00;0
97080;09.03.2025 10:00;0
97140;09.03.2025 11:00;0
97200;09.03.2025 12:00;20
97260;09.03.2025 13:00;0
97320;09.03.2025 14:00;0
97380;09.03.2025 15:00;0
97440;09.03.2025 16:00;0
97500;09.03.2025 17:00;0
97560;09.03.2025 18:00;0
97620;09.03.2025 19:00;0
97680;09.03.2025 20:00;0
97740;09.03.2025 21:00;10
97800;09.03.2025 22:00;0
97860;09.03.2025 23:00;0
97920;10.03.2025 00:00;0
97980;10.03.2025 01:00;0
98040;10.03.2025 02:00;0
98100;10.03.2025 03:00;0
98160;10.03.2025 04:00;0
98220;10.03.2025 05:00;0
98280;10.03.2025 06:00;0
98340;10.03.2025 07:00;0
98400;10.03.2025 08:00;0
98460;10.03.2025 09:00;0
98520;10.03.2025 10:00;20
98580;10.03.2025 11:00;0
98640;10.03.2025 12:00;0
98700;10.03.2025 13:00;0
98760;10.03.2025 14:00;9.262878966157169
98820;10.03.2025 15:00;0
98880;10.03.2025 16:00;0
98940;10.03.2025 17:00;0
99000;10.03.2025 18:00;0
99060;10.03.2025 19:00;0
99120;10.03.2025 20:00;0
99180;10.03.2025 21:00;20
99240;10.03.2025 22:00;0
99300;10.03.2025 23:00;0
99360;11.03.2025 00:00;0
99420;11.03.2025 01:00;0
99480;11.03.2025 02:00;0
99540;11.03.2025 03:00;0
99600;11.03.2025 04:00;0
99660;11.03.2025 05:00;0
99720;11.03.2025 06:00;0
99780;11.03.2025 07:00;0
99840;11.03.2025 08:00;0
99900;11.03.2025 09:00;65
99960;11.03.2025 10:00;0
100020;11.03.2025 11:00;0
100080;11.03.2025 12:00;0
100140;11.03.2025 13:00;0
100200;11.03.2025 14:00;0
100260;11.03.2025 15:00;0
100320;11.03.2025 16:00;0
100380;11.03.2025 17:00;0
100440;11.03.2025 18:00;10
100500;11.03.2025 19:00;0
100560;11.03.2025 20:00;0
100620;11.03.2025 21:00;0
100680;11.03.2025 22:00;0
100740;11.03.2025 23:00;0
100800;12.03.2025 00:00;0
100860;12.03.2025 01:00;0
100920;12.03.2025 02:00;0
100980;12.03.2025 03:00;0
101040;12.03.2025 04:00;0
101100;12.03.2025 05:00;0
101160;12.03.2025 06:00;0
101220;12.03.2025 07:00;10
101280;12.03.2025 08:00;0
101340;12.03.2025 09:00;0
101400;12.03.2025 10:00;0
101460;12.03.2025 11:00;9.551851656612811
101520;12.03.2025 12:00;0
101580;12.03.2025 13:00;0
101640;12.03.2025 14:00;0
101700;12.03.2025 15:00;0
101760;12.03.2025 16:00;0
101820;12.03.2025 17:00;0
101880;12.03.2025 18:00;10
101940;12.03.2025 19:00;0
102000;12.03.2025 20:00;0
102060;12.03.2025 21:00;0
102120;12.03.2025 22:00;0
102180;12.03.2025 23:00;0
102240;13.03.2025 00:00;0
102300;13.03.2025 01:00;0
102360;13.03.2025 02:00;0
102420;13.03.2025 03:00;0
102480;13.03.2025 04:00;0
102540;13.03.2025 05:00;20
102600;13.03.2025 06:00;0
102660;13.03.2025 07:00;0
102720;13.03.2025 08:00;60
102780;13.03.2025 09:00;0
102840;13.03.2025 10:00;0
102900;13.03.2025 11:00;0
102960;13.03.2025 12:00;0
103020;13.03.2025 13:00;0
103080;13.03.2025 14:00;0
103140;13.03.2025 15:00;10
103200;13.03.2025 16:00;0
103260;13.03.2025 17:00;0
103320;13.03.2025 18:00;0
103380;13.03.2025 19:00;0
103440;13.03.2025 20:00;0
103500;13.03.2025 21:00;0
103560;13.03.2025 22:00;0
103620;13.03.2025 23:00;0
103680;14.03.2025 00:00;0
103740;14.03.2025 01:00;0
103800;14.03.2025 02:00;0
103860;14.03.2025 03:00;0
103920;14.03.2025 04:00;20
103980;14.03.2025 05:00;0
104040;14.03.2025 06:00;0
104100;14.03.2025 07:00;0
104160;14.03.2025 08:00;0
104220;14.03.2025 09:00;0
104280;14.03.2025 10:00;0
104340;14.03.2025 11:00;0
104400;14.03.2025 12:00;0
104460;14.03.2025 13:00;20.443989561447474
104520;14.03.2025 14:00;0
104580;14.03.2025 15:00;0
104640;14.03.2025 16:00;0
104700;14.03.2025 17:00;0
104760;14.03.2025 18:00;0
104820;14.03.2025 19:00;0
104880;14.03.2025 20:00;0
104940;14.03.2025 21:00;0
105000;14.03.2025 22:00;0
105060;14.03.2025 23:00;0
105120;15.03.2025 00:00;0
105180;15.03.2025 01:00;0
105240;15.03.2025 02:00;0
105300;15.03.2025 03:00;0
105360;15.03.2025 04:00;0
105420;15.03.2025 05:00;10
105480;15.03.2025 06:00;0
105540;15.03.2025 07:00;0
105600;15.03.2025 08:00;0
105660;15.03.2025 09:00;0
105720;15.03.2025 10:00;0
105780;15.03.2025 11:00;0
105840;15.03.2025 12:00;0
105900;15.03.2025 13:00;10
105960;15.03.2025 14:00;0
106020;15.03.2025 15:00;0
106080;15.03.2025 16:00;0
106140;15.03.2025 17:00;0
106200;15.03.2025 18:00;0
106260;15.03.2025 19:00;0
106320;15.03.2025 20:00;0
106380;15.03.2025 21:00;0
106440;15.03.2025 22:00;0
106500;15.03.2025 23:00;0
106560;16.03.2025 00:00;0
106620;16.03.2025 01:00;0
106680;16.03.2025 02:00;0
106740;16.03.2025 03:00;0
106800;16.03.2025 04:00;10
106860;16.03.2025 05:00;0
106920;16.03.2025 06:00;0
106980;16.03.2025 07:00;0
107040;16.03.2025 08:00;0
107100;16.03.2025 09:00;0
107160;16.03.2025 10:00;0
107220;16.03.2025 11:00;0
107280;16.03.2025 12:00;0
107340;16.03.2025 13:00;30.206637512948376
107400;16.03.2025 14:00;0
107460;16.03.2025 15:00;0
107520;16.03.2025 16:00;0
107580;16.03.2025 17:00;0
107640;16.03.2025 18:00;0
107700;16.03.2025 19:00;0
107760;16.03.2025 20:00;0
107820;16.03.2025 21:00;0
107880;16.03.2025 22:00;0
107940;16.03.2025 23:00;0
108000;17.03.2025 00:00;0
108060;17.03.2025 01:00;0
108120;17.03.2025 02:00;0
108180;17.03.2025 03:00;0
108240;17.03.2025 04:00;20
108300;17.03.2025 05:00;0
108360;17.03.2025 06:00;0
108420;17.03.2025 07:00;0
108480;17.03.2025 08:00;0
108540;17.03.2025 09:00;0
108600;17.03.2025 10:00;0
108660;17.03.2025 11:00;0
108720;17.03.2025 12:00;0
108780;17.03.2025 13:00;0
108840;17.03.2025 14:00;0
108900;17.03.2025 15:00;0
108960;17.03.2025 16:00;0
109020;17.03.2025 17:00;20
109080;17.03.2025 18:00;0
109140;17.03.2025 19:00;0
109200;17.03.2025 20:00;0
109260;17.03.2025 21:00;0
109320;17.03.2025 22:00;0
109380;17.03.2025 23:00;0
109440;18.03.2025 00:00;0
109500;18.03.2025 01:00;0
109560;18.03.2025 02:00;0
109620;18.03.2025 03:00;0
109680;18.03.2025 04:00;0
109740;18.03.2025 05:00;10
109800;18.03.2025 06:00;0
109860;18.03.2025 07:00;0
109920;18.03.2025 08:00;0
109980;18.03.2025 09:00;0
110040;18.03.2025 10:00;50
110100;18.03.2025 11:00;0
110160;18.03.2025 12:00;0
110220;18.03.2025 13:00;0
110280;18.03.2025 14:00;18.301928517065498
110340;18.03.2025 15:00;10
110400;18.03.2025 16:00;0
110460;18.03.2025 17:00;0
110520;18.03.2025 18:00;0
110580;18.03.2025 19:00;0
110640;18.03.2025 20:00;0
110700;18.03.2025 21:00;0
110760;18.03.2025 22:00;0
110820;18.03.2025 23:00;0
110880;19.03.2025 00:00;0
110940;19.03.2025 01:00;0
111000;19.03.2025 02:00;0
111060;19.03.2025 03:00;0
111120;19.03.2025 04:00;20
111180;19.03.2025 05:00;0
111240;19.03.2025 06:00;0
111300;19.03.2025 07:00;0
111360;19.03.2025 08:00;0
111420;19.03.2025 09:00;0
111480;19.03.2025 10:00;0
111540;19.03.2025 11:00;0
111600;19.03.2025 12:00;20
111660;19.03.2025 13:00;0
111720;19.03.2025 14:00;0
111780;19.03.2025 15:00;0
111840;19.03.2025 16:00;0
111900;19.03.2025 17:00;0
111960;19.03.2025 18:00;0
112020;19.03.2025 19:00;0
112080;19.03.2025 20:00;0
112140;19.03.2025 21:00;0
112200;19.03.2025 22:00;0
112260;19.03.2025 23:00;0
112320;20.03.2025 00:00;0
112380;20.03.2025 01:00;0
112440;20.03.2025 02:00;0
112500;20.03.2025 03:00;0
112560;20.03.2025 04:00;10
112620;20.03.2025 05:00;0
112680;20.03.2025 06:00;0
112740;20.03.2025 07:00;0
112800;20.03.2025 08:00;0
112860;20.03.2025 09:00;0
112920;20.03.2025 10:00;0
112980;20.03.2025 11:00;0
113040;20.03.2025 12:00;40.00793984763378
113100;20.03.2025 13:00;0
113160;20.03.2025 14:00;0
113220;20.03.2025 15:00;0
113280;20.03.2025 16:00;0
113340;20.03.2025 17:00;0
113400;20.03.2025 18:00;0
113460;20.03.2025 19:00;0
113520;20.03.2025 20:00;0
113580;20.03.2025 21:00;0
113640;20.03.2025 22:00;0
113700;20.03.2025 23:00;0
113760;21.03.2025 00:00;0
113820;21.03.2025 01:00;0
113880;21.03.2025 02:00;0
113940;21.03.2025 03:00;0
114000;21.03.2025 04:00;0
114060;21.03.2025 05:00;20
114120;21.03.2025 06:00;0
114180;21.03.2025 07:00;0
114240;21.03.2025 08:00;0
114300;21.03.2025 09:00;0
114360;21.03.2025 10:00;0
114420;21.03.2025 11:00;0
114480;21.03.2025 12:00;0
114540;21.03.2025 13:00;0
114600;21.03.2025 14:00;0
114660;21.03.2025 15:00;0
114720;21.03.2025 16:00;10
114780;21.03.2025 17:00;0
114840;21.03.2025 18:00;0
114900;21.03.2025 19:00;0
114960;21.03.2025 20:00;0
115020;21.03.2025 21:00;0
115080;21.03.2025 22:00;0
115140;21.03.2025 23:00;0
115200;22.03.2025 00:00;0
115260;22.03.2025 01:00;0
115320;22.03.2025 02:00;0
115380;22.03.2025 03:00;0
115440;22.03.2025 04:00;10
115500;22.03.2025 05:00;0
115560;22.03.2025 06:00;0
115620;22.03.2025 07:00;0
115680;22.03.2025 08:00;0
115740;22.03.2025 09:00;0
115800;22.03.2025 10:00;0
115860;22.03.2025 11:00;0
115920;22.03.2025 12:00;0
115980;22.03.2025 13:00;42.24182475222237
116040;22.03.2025 14:00;0
116100;22.03.2025 15:00;0
116160;22.03.2025 16:00;0
116220;22.03.2025 17:00;0
116280;22.03.2025 18:00;0
116340;22.03.2025 19:00;0
116400;22.03.2025 20:00;0
116460;22.03.2025 21:00;10
116520;22.03.2025 22:00;0
116580;22.03.2025 23:00;0
116640;23.03.2025 00:00;0
116700;23.03.2025 01:00;0
116760;23.03.2025 02:00;0
116820;23.03.2025 03:00;0
116880;23.03.2025 04:00;0
116940;23.03.2025 05:00;0
117000;23.03.2025 06:00;0
117060;23.03.2025 07:00;0
117120;23.03.2025 08:00;0
117180;23.03.2025 09:00;0
117240;23.03.2025 10:00;0
117300;23.03.2025 11:00;0
117360;23.03.2025 12:00;20
117420;23.03.2025 13:00;0
117480;23.03.2025 14:00;0
117540;23.03.2025 15:00;0
117600;23.03.2025 16:00;0
117660;23.03.2025 17:00;0
117720;23.03.2025 18:00;0
117780;23.03.2025 19:00;0
117840;23.03.2025 20:00;20
117900;23.03.2025 21:00;0
117960;23.03.2025 22:00;0
118020;23.03.2025 23:00;0
118080;24.03.2025 00:00;0
118140;24.03.2025 01:00;0
118200;24.03.2025 02:00;0
118260;24.03.2025 03:00;0
118320;24.03.2025 04:00;0
118380;24.03.2025 05:00;0
118440;24.03.2025 06:00;0
118500;24.03.2025 07:00;0
118560;24.03.2025 08:00;55
118620;24.03.2025 09:00;0
118680;24.03.2025 10:00;0
118740;24.03.2025 11:00;0
118800;24.03.2025 12:00;0
118860;24.03.2025 13:00;0
118920;24.03.2025 14:00;0
118980;24.03.2025 15:00;0
119040;24.03.2025 16:00;0
119100;24.03.2025 17:00;0
119160;24.03.2025 18:00;0
119220;24.03.2025 19:00;0
119280;24.03.2025 20:00;0
119340;24.03.2025 21:00;39.278260406159355
119400;24.03.2025 22:00;0
119460;24.03.2025 23:00;0
119520;25.03.2025 00:00;0
119580;25.03.2025 01:00;0
119640;25.03.2025 02:00;0
119700;25.03.2025 03:00;0
119760;25.03.2025 04:00;0
119820;25.03.2025 05:00;0
119880;25.03.2025 06:00;0
119940;25.03.2025 07:00;0
120000;25.03.2025 08:00;10
120060;25.03.2025 09:00;0
120120;25.03.2025 10:00;0
120180;25.03.2025 11:00;0
120240;25.03.2025 12:00;0
120300;25.03.2025 13:00;0
120360;25.03.2025 14:00;0
120420;25.03.2025 15:00;0
120480;25.03.2025 16:00;0
120540;25.03.2025 17:00;0
120600;25.03.2025 18:00;0
120660;25.03.2025 19:00;20
120720;25.03.2025 20:00;0
120780;25.03.2025 21:00;0
120840;25.03.2025 22:00;0
120900;25.03.2025 23:00;0
120960;26.03.2025 00:00;0
121020;26.03.2025 01:00;0
121080;26.03.2025 02:00;0
121140;26.03.2025 03:00;0
121200;26.03.2025 04:00;0
121260;26.03.2025 05:00;0
121320;26.03.2025 06:00;0
121380;26.03.2025 07:00;0
121440;26.03.2025 08:00;20
121500;26.03.2025 09:00;0
121560;26.03.2025 10:00;0
121620;26.03.2025 11:00;0
121680;26.03.2025 12:00;0
121740;26.03.2025 13:00;0
121800;26.03.2025 14:00;0
121860;26.03.2025 15:00;0
121920;26.03.2025 16:00;0
121980;26.03.2025 17:00;0
122040;26.03.2025 18:00;0
122100;26.03.2025 19:00;20.49697785075535
122160;26.03.2025 20:00;0
122220;26.03.2025 21:00;0
122280;26.03.2025 22:00;0
122340;26.03.2025 23:00;0
122400;27.03.2025 00:00;0
122460;27.03.2025 01:00;0
122520;27.03.2025 02:00;0
122580;27.03.2025 03:00;0
122640;27.03.2025 04:00;0
122700;27.03.2025 05:00;0
122760;27.03.2025 06:00;0
122820;27.03.2025 07:00;0
122880;27.03.2025 08:00;0
122940;27.03.2025 09:00;20
123000;27.03.2025 10:00;0
123060;27.03.2025 11:00;0
123120;27.03.2025 12:00;0
123180;27.03.2025 13:00;0
123240;27.03.2025 14:00;0
123300;27.03.2025 15:00;0
123360;27.03.2025 16:00;0
123420;27.03.2025 17:00;0
123480;27.03.2025 18:00;20
123540;27.03.2025 19:00;0
123600;27.03.2025 20:00;0
123660;27.03.2025 21:00;0
123720;27.03.2025 22:00;0
123780;27.03.2025 23:00;0
123840;28.03.2025 00:00;0
123900;28.03.2025 01:00;0
123960;28.03.2025 02:00;0
124020;28.03.2025 03:00;0
124080;28.03.2025 04:00;0
124140;28.03.2025 05:00;0
124200;28.03.2025 06:00;10
124260;28.03.2025 07:00;0
124320;28.03.2025 08:00;0
124380;28.03.2025 09:00;0
124440;28.03.2025 10:00;0
124500;28.03.2025 11:00;0
124560;28.03.2025 12:00;0
124620;28.03.2025 13:00;0
124680;28.03.2025 14:00;0
124740;28.03.2025 15:00;0
124800;28.03.2025 16:00;0
124860;28.03.2025 17:00;0
124920;28.03.2025 18:00;20
124980;28.03.2025 19:00;0
125040;28.03.2025 20:00;0
125100;28.03.2025 21:00;0
125160;28.03.2025 22:00;0
125220;28.03.2025 23:00;0
125280;29.03.2025 00:00;0
125340;29.03.2025 01:00;0
125400;29.03.2025 02:00;0
125460;29.03.2025 03:00;0
125520;29.03.2025 04:00;0
125580;29.03.2025 05:00;0
125640;29.03.2025 06:00;0
125700;29.03.2025 07:00;0
125760;29.03.2025 08:00;10
125820;29.03.2025 09:00;0
125880;29.03.2025 10:00;0
125940;29.03.2025 11:00;17.343060510623708
126000;29.03.2025 12:00;0
126060;29.03.2025 13:00;0
126120;29.03.2025 14:00;0
126180;29.03.2025 15:00;0
126240;29.03.2025 16:00;0
126300;29.03.2025 17:00;20
126360;29.03.2025 18:00;0
126420;29.03.2025 19:00;0
126480;29.03.2025 20:00;0
126540;29.03.2025 21:00;0
126600;29.03.2025 22:00;0
126660;29.03.2025 23:00;0
126720;30.03.2025 00:00;0
126780;30.03.2025 01:00;0
126840;30.03.2025 02:00;0
126900;30.03.2025 03:00;0
126960;30.03.2025 04:00;0
127020;30.03.2025 05:00;0
127080;30.03.2025 06:00;10
127140;30.03.2025 07:00;0
127200;30.03.2025 08:00;0
127260;30.03.2025 09:00;55
127320;30.03.2025 10:00;0
127380;30.03.2025 11:00;0
127440;30.03.2025 12:00;0
127500;30.03.2025 13:00;20
127560;30.03.2025 14:00;0
127620;30.03.2025 15:00;0
127680;30.03.2025 16:00;0
127740;30.03.2025 17:00;0
127800;30.03.2025 18:00;0
127860;30.03.2025 19:00;0
127920;30.03.2025 20:00;0
127980;30.03.2025 21:00;0
128040;30.03.2025 22:00;0
128100;30.03.2025 23:00;0
128160;31.03.2025 00:00;0
128220;31.03.2025 01:00;0
128280;31.03.2025 02:00;0
128340;31.03.2025 03:00;0
128400;31.03.2025 04:00;20
128460;31.03.2025 05:00;0
128520;31.03.2025 06:00;0
128580;31.03.2025 07:00;0
128640;31.03.2025 08:00;0
128700;31.03.2025 09:00;0
128760;31.03.2025 10:00;0
128820;31.03.2025 11:00;0
128880;31.03.2025 12:00;23.697675708328006
128940;31.03.2025 13:00;20
129000;31.03.2025 14:00;0
129060;31.03.2025 15:00;0
129120;31.03.2025 16:00;0
129180;31.03.2025 17:00;0
129240;31.03.2025 18:00;0
129300;31.03.2025 19:00;0
129360;31.03.2025 20:00;0
129420;31.03.2025 21:00;0
129480;31.03.2025 22:00;0
129540;31.03.2025 23:00;0
129600;01.04.2025 00:00;0
129660;01.04.2025 01:00;0
129720;01.04.2025 02:00;0
129780;01.04.2025 03:00;0
129840;01.04.2025 04:00;10
129900;01.04.2025 05:00;0
129960;01.04.2025 06:00;0
130020;01.04.2025 07:00;0
130080;01.04.2025 08:00;0
130140;01.04.2025 09:00;0
130200;01.04.2025 10:00;0
130260;01.04.2025 11:00;0
130320;01.04.2025 12:00;0
130380;01.04.2025 13:00;0
130440;01.04.2025 14:00;10
130500;01.04.2025 15:00;0
130560;01.04.2025 16:00;0
130620;01.04.2025 17:00;0
130680;01.04.2025 18:00;0
130740;01.04.2025 19:00;0
130800;01.04.2025 20:00;0
130860;01.04.2025 21:00;0
130920;01.04.2025 22:00;0
130980;01.04.2025 23:00;0
131040;02.04.2025 00:00;0
131100;02.04.2025 01:00;0
131160;02.04.2025 02:00;0
131220;02.04.2025 03:00;0
131280;02.04.2025 04:00;10
131340;02.04.2025 05:00;0
131400;02.04.2025 06:00;0
131460;02.04.2025 07:00;0
131520;02.04.2025 08:00;0
131580;02.04.2025 09:00;0
131640;02.04.2025 10:00;0
131700;02.04.2025 11:00;0
131760;02.04.2025 12:00;0
131820;02.04.2025 13:00;10
131880;02.04.2025 14:00;0
131940;02.04.2025 15:00;0
132000;02.04.2025 16:00;0
132060;02.04.2025 17:00;10.287003165112425
132120;02.04.2025 18:00;0
132180;02.04.2025 19:00;0
132240;02.04.2025 20:00;0
132300;02.04.2025 21:00;0
132360;02.04.2025 22:00;0
132420;02.04.2025 23:00;0
132480;03.04.2025 00:00;0
132540;03.04.2025 01:00;0
132600;03.04.2025 02:00;0
132660;03.04.2025 03:00;0
132720;03.04.2025 04:00;10
132780;03.04.2025 05:00;0
132840;03.04.2025 06:00;0
132900;03.04.2025 07:00;0
132960;03.04.2025 08:00;0
133020;03.04.2025 09:00;0
133080;03.04.2025 10:00;0
133140;03.04.2025 11:00;0
133200;03.04.2025 12:00;10
133260;03.04.2025 13:00;0
133320;03.04.2025 14:00;0
133380;03.04.2025 15:00;0
133440;03.04.2025 16:00;0
133500;03.04.2025 17:00;0
133560;03.04.2025 18:00;0
133620;03.04.2025 19:00;0
133680;03.04.2025 20:00;0
133740;03.04.2025 21:00;20
133800;03.04.2025 22:00;0
133860;03.04.2025 23:00;0
133920;04.04.2025 00:00;0
133980;04.04.2025 01:00;0
134040;04.04.2025 02:00;0
134100;04.04.2025 03:00;0
134160;04.04.2025 04:00;0
134220;04.04.2025 05:00;0
134280;04.04.2025 06:00;0
134340;04.04.2025 07:00;0
134400;04.04.2025 08:00;70
134460;04.04.2025 09:00;0
134520;04.04.2025 10:00;0
134580;04.04.2025 11:00;0
134640;04.04.2025 12:00;0
134700;04.04.2025 13:00;18.368699704228142
134760;04.04.2025 14:00;0
134820;04.04.2025 15:00;0
134880;04.04.2025 16:00;0
134940;04.04.2025 17:00;10
135000;04.04.2025 18:00;0
135060;04.04.2025 19:00;0
135120;04.04.2025 20:00;0
135180;04.04.2025 21:00;0
135240;04.04.2025 22:00;0
135300;04.04.2025 23:00;0
135360;05.04.2025 00:00;0
135420;05.04.2025 01:00;0
135480;05.04.2025 02:00;0
135540;05.04.2025 03:00;0
135600;05.04.2025 04:00;0
135660;05.04.2025 05:00;0
135720;05.04.2025 06:00;20
135780;05.04.2025 07:00;0
135840;05.04.2025 08:00;0
135900;05.04.2025 09:00;0
135960;05.04.2025 10:00;55
136020;05.04.2025 11:00;0
136080;05.04.2025 12:00;0
136140;05.04.2025 13:00;10
136200;05.04.2025 14:00;0
136260;05.04.2025 15:00;0
136320;05.04.2025 16:00;0
136380;05.04.2025 17:00;0
136440;05.04.2025 18:00;0
136500;05.04.2025 19:00;0
136560;05.04.2025 20:00;0
136620;05.04.2025 21:00;0
136680;05.04.2025 22:00;0
136740;05.04.2025 23:00;0
136800;06.04.2025 00:00;0
136860;06.04.2025 01:00;0
136920;06.04.2025 02:00;0
136980;06.04.2025 03:00;0
137040;06.04.2025 04:00;0
137100;06.04.2025 05:00;20
137160;06.04.2025 06:00;0
137220;06.04.2025 07:00;0
137280;06.04.2025 08:00;0
137340;06.04.2025 09:00;0
137400;06.04.2025 10:00;0
137460;06.04.2025 11:00;0
137520;06.04.2025 12:00;19.88211523954031
137580;06.04.2025 13:00;20
137640;06.04.2025 14:00;0
137700;06.04.2025 15:00;0
137760;06.04.2025 16:00;0
137820;06.04.2025 17:00;0
137880;06.04.2025 18:00;0
137940;06.04.2025 19:00;0
138000;06.04.2025 20:00;0
138060;06.04.2025 21:00;0
138120;06.04.2025 22:00;0
138180;06.04.2025 23:00;0
138240;07.04.2025 00:00;0
138300;07.04.2025 01:00;0
138360;07.04.2025 02:00;0
138420;07.04.2025 03:00;0
138480;07.04.2025 04:00;20
138540;07.04.2025 05:00;0
138600;07.04.2025 06:00;0
138660;07.04.2025 07:00;0
138720;07.04.2025 08:00;0
138780;07.04.2025 09:00;0
138840;07.04.2025 10:00;0
138900;07.04.2025 11:00;0
138960;07.04.2025 12:00;0
139020;07.04.2025 13:00;20
139080;07.04.2025 14:00;0
139140;07.04.2025 15:00;0
139200;07.04.2025 16:00;0
139260;07.04.2025 17:00;0
139320;07.04.2025 18:00;0
139380;07.04.2025 19:00;0
139440;07.04.2025 20:00;0
139500;07.04.2025 21:00;0
139560;07.04.2025 22:00;0
139620;07.04.2025 23:00;0
139680;08.04.2025 00:00;0
139740;08.04.2025 01:00;0
139800;08.04.2025 02:00;0
139860;08.04.2025 03:00;10
139920;08.04.2025 04:00;0
139980;08.04.2025 05:00;0
140040;08.04.2025 06:00;0
140100;08.04.2025 07:00;0
140160;08.04.2025 08:00;0
140220;08.04.2025 09:00;0
140280;08.04.2025 10:00;0
140340;08.04.2025 11:00;0
140400;08.04.2025 12:00;0
140460;08.04.2025 13:00;30.21453003570025
140520;08.04.2025 14:00;0
140580;08.04.2025 15:00;0
140640;08.04.2025 16:00;0
140700;08.04.2025 17:00;0
140760;08.04.2025 18:00;0
140820;08.04.2025 19:00;0
140880;08.04.2025 20:00;0
140940;08.04.2025 21:00;0
141000;08.04.2025 22:00;20
141060;08.04.2025 23:00;0
141120;09.04.2025 00:00;0
141180;09.04.2025 01:00;0
141240;09.04.2025 02:00;0
141300;09.04.2025 03:00;0
141360;09.04.2025 04:00;0
141420;09.04.2025 05:00;0
141480;09.04.2025 06:00;0
141540;09.04.2025 07:00;0
141600;09.04.2025 08:00;0
141660;09.04.2025 09:00;0
141720;09.04.2025 10:00;20
141780;09.04.2025 11:00;0
141840;09.04.2025 12:00;0
141900;09.04.2025 13:00;0
141960;09.04.2025 14:00;0
142020;09.04.2025 15:00;0
142080;09.04.2025 16:00;0
142140;09.04.2025 17:00;0
142200;09.04.2025 18:00;0
142260;09.04.2025 19:00;0
142320;09.04.2025 20:00;0
142380;09.04.2025 21:00;20
142440;09.04.2025 22:00;0
142500;09.04.2025 23:00;0
142560;10.04.2025 00:00;0
142620;10.04.2025 01:00;0
142680;10.04.2025 02:00;0
142740;10.04.2025 03:00;0
142800;10.04.2025 04:00;0
142860;10.04.2025 05:00;0
142920;10.04.2025 06:00;0
142980;10.04.2025 07:00;0
143040;10.04.2025 08:00;0
143100;10.04.2025 09:00;0
143160;10.04.2025 10:00;10
143220;10.04.2025 11:00;20.44234778184887
143280;10.04.2025 12:00;0
143340;10.04.2025 13:00;0
143400;10.04.2025 14:00;0
143460;10.04.2025 15:00;0
143520;10.04.2025 16:00;0
143580;10.04.2025 17:00;0
143640;10.04.2025 18:00;0
143700;10.04.2025 19:00;0
143760;10.04.2025 20:00;20
143820;10.04.2025 21:00;0
143880;10.04.2025 22:00;0
143940;10.04.2025 23:00;0
144000;11.04.2025 00:00;0
144060;11.04.2025 01:00;0
144120;11.04.2025 02:00;0
144180;11.04.2025 03:00;0
144240;11.04.2025 04:00;0
144300;11.04.2025 05:00;0
144360;11.04.2025 06:00;0
144420;11.04.2025 07:00;0
144480;11.04.2025 08:00;10
144540;11.04.2025 09:00;50
144600;11.04.2025 10:00;0
144660;11.04.2025 11:00;0
144720;11.04.2025 12:00;0
144780;11.04.2025 13:00;0
144840;11.04.2025 14:00;0
144900;11.04.2025 15:00;0
144960;11.04.2025 16:00;0
145020;11.04.2025 17:00;0
145080;11.04.2025 18:00;0
145140;11.04.2025 19:00;0
145200;11.04.2025 20:00;20
145260;11.04.2025 21:00;0
145320;11.04.2025 22:00;0
145380;11.04.2025 23:00;0
145440;12.04.2025 00:00;0
145500;12.04.2025 01:00;0
145560;12.04.2025 02:00;0
145620;12.04.2025 03:00;0
145680;12.04.2025 04:00;0
145740;12.04.2025 05:00;0
145800;12.04.2025 06:00;0
145860;12.04.2025 07:00;0
145920;12.04.2025 08:00;20
145980;12.04.2025 09:00;0
146040;12.04.2025 10:00;0
146100;12.04.2025 11:00;0
146160;12.04.2025 12:00;9.80387193895095
146220;12.04.2025 13:00;0
146280;12.04.2025 14:00;0
146340;12.04.2025 15:00;0
146400;12.04.2025 16:00;0
146460;12.04.2025 17:00;10
146520;12.04.2025 18:00;0
146580;12.04.2025 19:00;0
146640;12.04.2025 20:00;0
146700;12.04.2025 21:00;0
146760;12.04.2025 22:00;0
146820;12.04.2025 23:00;0
146880;13.04.2025 00:00;0
146940;13.04.2025 01:00;0
147000;13.04.2025 02:00;0
147060;13.04.2025 03:00;0
147120;13.04.2025 04:00;0
147180;13.04.2025 05:00;0
147240;13.04.2025 06:00;0
147300;13.04.2025 07:00;10
147360;13.04.2025 08:00;0
147420;13.04.2025 09:00;0
147480;13.04.2025 10:00;0
147540;13.04.2025 11:00;0
147600;13.04.2025 12:00;0
147660;13.04.2025 13:00;0
147720;13.04.2025 14:00;0
147780;13.04.2025 15:00;0
147840;13.04.2025 16:00;10
147900;13.04.2025 17:00;0
147960;13.04.2025 18:00;0
148020;13.04.2025 19:00;0
148080;13.04.2025 20:00;0
148140;13.04.2025 21:00;0
148200;13.04.2025 22:00;0
148260;13.04.2025 23:00;0
148320;14.04.2025 00:00;0
148380;14.04.2025 01:00;0
148440;14.04.2025 02:00;0
148500;14.04.2025 03:00;0
148560;14.04.2025 04:00;0
148620;14.04.2025 05:00;0
148680;14.04.2025 06:00;20
148740;14.04.2025 07:00;0
148800;14.04.2025 08:00;0
148860;14.04.2025 09:00;0
148920;14.04.2025 10:00;0
148980;14.04.2025 11:00;0
149040;14.04.2025 12:00;10.826081083750106
149100;14.04.2025 13:00;0
149160;14.04.2025 14:00;0
149220;14.04.2025 15:00;0
149280;14.04.2025 16:00;20
149340;14.04.2025 17:00;0
149400;14.04.2025 18:00;0
149460;14.04.2025 19:00;0
149520;14.04.2025 20:00;0
149580;14.04.2025 21:00;0
149640;14.04.2025 22:00;0
149700;14.04.2025 23:00;0
149760;15.04.2025 00:00;0
149820;15.04.2025 01:00;0
149880;15.04.2025 02:00;0
149940;15.04.2025 03:00;0
150000;15.04.2025 04:00;10
150060;15.04.2025 05:00;0
150120;15.04.2025 06:00;0
150180;15.04.2025 07:00;0
150240;15.04.2025 08:00;0
150300;15.04.2025 09:00;0
150360;15.04.2025 10:00;0
150420;15.04.2025 11:00;0
150480;15.04.2025 12:00;20
150540;15.04.2025 13:00;0
150600;15.04.2025 14:00;0
150660;15.04.2025 15:00;0
150720;15.04.2025 16:00;0
150780;15.04.2025 17:00;0
150840;15.04.2025 18:00;0
150900;15.04.2025 19:00;0
150960;15.04.2025 20:00;0
151020;15.04.2025 21:00;0
151080;15.04.2025 22:00;0
151140;15.04.2025 23:00;0
151200;16.04.2025 00:00;0
151260;16.04.2025 01:00;0
151320;16.04.2025 02:00;0
151380;16.04.2025 03:00;0
151440;16.04.2025 04:00;20
151500;16.04.2025 05:00;0
151560;16.04.2025 06:00;0
151620;16.04.2025 07:00;0
151680;16.04.2025 08:00;0
151740;16.04.2025 09:00;0
151800;16.04.2025 10:00;0
151860;16.04.2025 11:00;0
151920;16.04.2025 12:00;0
151980;16.04.2025 13:00;0
152040;16.04.2025 14:00;0
152100;16.04.2025 15:00;0
152160;16.04.2025 16:00;0
152220;16.04.2025 17:00;18.191671496552505
152280;16.04.2025 18:00;0
152340;16.04.2025 19:00;0
152400;16.04.2025 20:00;0
152460;16.04.2025 21:00;0
152520;16.04.2025 22:00;0
152580;16.04.2025 23:00;0
152640;17.04.2025 00:00;0
152700;17.04.2025 01:00;0
152760;17.04.2025 02:00;0
152820;17.04.2025 03:00;0
152880;17.04.2025 04:00;20
152940;17.04.2025 05:00;0
153000;17.04.2025 06:00;0
153060;17.04.2025 07:00;0
153120;17.04.2025 08:00;0
153180;17.04.2025 09:00;45
153240;17.04.2025 10:00;0
153300;17.04.2025 11:00;0
153360;17.04.2025 12:00;10
153420;17.04.2025 13:00;0
153480;17.04.2025 14:00;0
153540;17.04.2025 15:00;0
153600;17.04.2025 16:00;0
153660;17.04.2025 17:00;0
153720;17.04.2025 18:00;0
153780;17.04.2025 19:00;0
153840;17.04.2025 20:00;0
153900;17.04.2025 21:00;20
153960;17.04.2025 22:00;0
154020;17.04.2025 23:00;0
154080;18.04.2025 00:00;0
154140;18.04.2025 01:00;0
154200;18.04.2025 02:00;0
154260;18.04.2025 03:00;0
154320;18.04.2025 04:00;0
154380;18.04.2025 05:00;0
154440;18.04.2025 06:00;0
154500;18.04.2025 07:00;0
154560;18.04.2025 08:00;0
154620;18.04.2025 09:00;10
154680;18.04.2025 10:00;0
154740;18.04.2025 11:00;0
154800;18.04.2025 12:00;0
154860;18.04.2025 13:00;0
154920;18.04.2025 14:00;10.303998588308865
154980;18.04.2025 15:00;0
155040;18.04.2025 16:00;0
155100;18.04.2025 17:00;0
155160;18.04.2025 18:00;0
155220;18.04.2025 19:00;10
155280;18.04.2025 20:00;0
155340;18.04.2025 21:00;0
155400;18.04.2025 22:00;0
155460;18.04.2025 23:00;0
155520;19.04.2025 00:00;0
155580;19.04.2025 01:00;0
155640;19.04.2025 02:00;0
155700;19.04.2025 03:00;0
155760;19.04.2025 04:00;0
155820;19.04.2025 05:00;0
155880;19.04.2025 06:00;0
155940;19.04.2025 07:00;20
156000;19.04.2025 08:00;0
156060;19.04.2025 09:00;0
156120;19.04.2025 10:00;0
156180;19.04.2025 11:00;0
156240;19.04.2025 12:00;0
156300;19.04.2025 13:00;0
156360;19.04.2025 14:00;0
156420;19.04.2025 15:00;10
156480;19.04.2025 16:00;0
156540;19.04.2025 17:00;0
156600;19.04.2025 18:00;0
156660;19.04.2025 19:00;0
156720;19.04.2025 20:00;0
156780;19.04.2025 21:00;0
156840;19.04.2025 22:00;0
156900;19.04.2025 23:00;0
156960;20.04.2025 00:00;0
157020;20.04.2025 01:00;0
157080;20.04.2025 02:00;0
157140;20.04.2025 03:00;0
157200;20.04.2025 04:00;10
157260;20.04.2025 05:00;0
157320;20.04.2025 06:00;0
157380;20.04.2025 07:00;0
157440;20.04.2025 08:00;0
157500;20.04.2025 09:00;0
157560;20.04.2025 10:00;0
157620;20.04.2025 11:00;0
157680;20.04.2025 12:00;40.90267333541604
157740;20.04.2025 13:00;0
157800;20.04.2025 14:00;0
157860;20.04.2025 15:00;0
157920;20.04.2025 16:00;0
157980;20.04.2025 17:00;0
158040;20.04.2025 18:00;0
158100;20.04.2025 19:00;0
158160;20.04.2025 20:00;0
158220;20.04.2025 21:00;0
158280;20.04.2025 22:00;0
158340;20.04.2025 23:00;0
158400;21.04.2025 00:00;0
158460;21.04.2025 01:00;0
158520;21.04.2025 02:00;0
158580;21.04.2025 03:00;0
158640;21.04.2025 04:00;10
158700;21.04.2025 05:00;0
158760;21.04.2025 06:00;0
158820;21.04.2025 07:00;0
158880;21.04.2025 08:00;0
158940;21.04.2025 09:00;0
159000;21.04.2025 10:00;0
159060;21.04.2025 11:00;0
159120;21.04.2025 12:00;0
159180;21.04.2025 13:00;10
159240;21.04.2025 14:00;0
159300;21.04.2025 15:00;0
159360;21.04.2025 16:00;0
159420;21.04.2025 17:00;0
159480;21.04.2025 18:00;0
159540;21.04.2025 19:00;0
159600;21.04.2025 20:00;0
159660;21.04.2025 21:00;0
159720;21.04.2025 22:00;0
159780;21.04.2025 23:00;0
159840;22.04.2025 00:00;0
159900;22.04.2025 01:00;0
159960;22.04.2025 02:00;0
160020;22.04.2025 03:00;0
160080;22.04.2025 04:00;10
160140;22.04.2025 05:00;0
160200;22.04.2025 06:00;0
160260;22.04.2025 07:00;0
160320;22.04.2025 08:00;0
160380;22.04.2025 09:00;0
160440;22.04.2025 10:00;0
160500;22.04.2025 11:00;0
160560;22.04.2025 12:00;29.13955524812135
160620;22.04.2025 13:00;0
160680;22.04.2025 14:00;0
160740;22.04.2025 15:00;0
160800;22.04.2025 16:00;0
160860;22.04.2025 17:00;0
160920;22.04.2025 18:00;0
160980;22.04.2025 19:00;0
161040;22.04.2025 20:00;0
161100;22.04.2025 21:00;0
161160;22.04.2025 22:00;0
161220;22.04.2025 23:00;0
161280;23.04.2025 00:00;0
161340;23.04.2025 01:00;0
161400;23.04.2025 02:00;0
161460;23.04.2025 03:00;0
161520;23.04.2025 04:00;20
161580;23.04.2025 05:00;0
161640;23.04.2025 06:00;0
161700;23.04.2025 07:00;0
161760;23.04.2025 08:00;0
161820;23.04.2025 09:00;50
161880;23.04.2025 10:00;0
161940;23.04.2025 11:00;0
162000;23.04.2025 12:00;0
162060;23.04.2025 13:00;20
162120;23.04.2025 14:00;0
162180;23.04.2025 15:00;0
162240;23.04.2025 16:00;0
162300;23.04.2025 17:00;0
162360;23.04.2025 18:00;0
162420;23.04.2025 19:00;0
162480;23.04.2025 20:00;0
162540;23.04.2025 21:00;0
162600;23.04.2025 22:00;0
162660;23.04.2025 23:00;0
162720;24.04.2025 00:00;0
162780;24.04.2025 01:00;0
162840;24.04.2025 02:00;0
162900;24.04.2025 03:00;0
162960;24.04.2025 04:00;10
163020;24.04.2025 05:00;0
163080;24.04.2025 06:00;0
163140;24.04.2025 07:00;0
163200;24.04.2025 08:00;0
163260;24.04.2025 09:00;0
163320;24.04.2025 10:00;0
163380;24.04.2025 11:00;0
163440;24.04.2025 12:00;7.99512756302741
163500;24.04.2025 13:00;10
163560;24.04.2025 14:00;0
163620;24.04.2025 15:00;0
163680;24.04.2025 16:00;0
163740;24.04.2025 17:00;0
163800;24.04.2025 18:00;0
163860;24.04.2025 19:00;0
163920;24.04.2025 20:00;0
163980;24.04.2025 21:00;0
164040;24.04.2025 22:00;0
164100;24.04.2025 23:00;0
164160;25.04.2025 00:00;0
164220;25.04.2025 01:00;0
164280;25.04.2025 02:00;0
164340;25.04.2025 03:00;20
164400;25.04.2025 04:00;0
164460;25.04.2025 05:00;0
164520;25.04.2025 06:00;0
164580;25.04.2025 07:00;0
164640;25.04.2025 08:00;0
164700;25.04.2025 09:00;0
164760;25.04.2025 10:00;0
164820;25.04.2025 11:00;0
164880;25.04.2025 12:00;10
164940;25.04.2025 13:00;0
165000;25.04.2025 14:00;0
165060;25.04.2025 15:00;0
165120;25.04.2025 16:00;0
165180;25.04.2025 17:00;0
165240;25.04.2025 18:00;0
165300;25.04.2025 19:00;0
165360;25.04.2025 20:00;0
165420;25.04.2025 21:00;0
165480;25.04.2025 22:00;0
165540;25.04.2025 23:00;0
165600;26.04.2025 00:00;0
165660;26.04.2025 01:00;0
165720;26.04.2025 02:00;0
165780;26.04.2025 03:00;20
165840;26.04.2025 04:00;0
165900;26.04.2025 05:00;0
165960;26.04.2025 06:00;0
166020;26.04.2025 07:00;0
166080;26.04.2025 08:00;0
166140;26.04.2025 09:00;0
166200;26.04.2025 10:00;0
166260;26.04.2025 11:00;0
166320;26.04.2025 12:00;0
166380;26.04.2025 13:00;39.11308850168693
166440;26.04.2025 14:00;0
166500;26.04.2025 15:00;0
166560;26.04.2025 16:00;0
166620;26.04.2025 17:00;0
166680;26.04.2025 18:00;0
166740;26.04.2025 19:00;0
166800;26.04.2025 20:00;0
166860;26.04.2025 21:00;0
166920;26.04.2025 22:00;0
166980;26.04.2025 23:00;0
167040;27.04.2025 00:00;0
167100;27.04.2025 01:00;0
167160;27.04.2025 02:00;0
167220;27.04.2025 03:00;0
167280;27.04.2025 04:00;10
167340;27.04.2025 05:00;0
167400;27.04.2025 06:00;0
167460;27.04.2025 07:00;0
167520;27.04.2025 08:00;0
167580;27.04.2025 09:00;0
167640;27.04.2025 10:00;0
167700;27.04.2025 11:00;20
167760;27.04.2025 12:00;0
167820;27.04.2025 13:00;0
167880;27.04.2025 14:00;0
167940;27.04.2025 15:00;0
168000;27.04.2025 16:00;0
168060;27.04.2025 17:00;0
168120;27.04.2025 18:00;0
168180;27.04.2025 19:00;0
168240;27.04.2025 20:00;10
168300;27.04.2025 21:00;0
168360;27.04.2025 22:00;0
168420;27.04.2025 23:00;0
168480;28.04.2025 00:00;0
168540;28.04.2025 01:00;0
168600;28.04.2025 02:00;0
168660;28.04.2025 03:00;0
168720;28.04.2025 04:00;0
168780;28.04.2025 05:00;0
168840;28.04.2025 06:00;0
168900;28.04.2025 07:00;0
168960;28.04.2025 08:00;70
169020;28.04.2025 09:00;0
169080;28.04.2025 10:00;0
169140;28.04.2025 11:00;0
169200;28.04.2025 12:00;0
169260;28.04.2025 13:00;9.892210077900826
169320;28.04.2025 14:00;0
169380;28.04.2025 15:00;0
169440;28.04.2025 16:00;0
169500;28.04.2025 17:00;0
169560;28.04.2025 18:00;0
169620;28.04.2025 19:00;0
169680;28.04.2025 20:00;0
169740;28.04.2025 21:00;10
169800;28.04.2025 22:00;0
169860;28.04.2025 23:00;0
169920;29.04.2025 00:00;0
169980;29.04.2025 01:00;0
170040;29.04.2025 02:00;0
170100;29.04.2025 03:00;0
170160;29.04.2025 04:00;0
170220;29.04.2025 05:00;0
170280;29.04.2025 06:00;0
170340;29.04.2025 07:00;0
170400;29.04.2025 08:00;75
170460;29.04.2025 09:00;0
170520;29.04.2025 10:00;0
170580;29.04.2025 11:00;0
170640;29.04.2025 12:00;0
170700;29.04.2025 13:00;0
170760;29.04.2025 14:00;0
170820;29.04.2025 15:00;0
170880;29.04.2025 16:00;0
170940;29.04.2025 17:00;20
171000;29.04.2025 18:00;0
171060;29.04.2025 19:00;0
171120;29.04.2025 20:00;0
171180;29.04.2025 21:00;0
171240;29.04.2025 22:00;0
171300;29.04.2025 23:00;0
171360;30.04.2025 00:00;0
171420;30.04.2025 01:00;0
171480;30.04.2025 02:00;0
171540;30.04.2025 03:00;0
171600;30.04.2025 04:00;0
171660;30.04.2025 05:00;0
171720;30.04.2025 06:00;0
171780;30.04.2025 07:00;10
171840;30.04.2025 08:00;0
171900;30.04.2025 09:00;0
171960;30.04.2025 10:00;0
172020;30.04.2025 11:00;0
172080;30.04.2025 12:00;0
172140;30.04.2025 13:00;8.382183428555898
172200;30.04.2025 14:00;0
172260;30.04.2025 15:00;0
172320;30.04.2025 16:00;0
172380;30.04.2025 17:00;0
172440;30.04.2025 18:00;20
172500;30.04.2025 19:00;0
172560;30.04.2025 20:00;0
172620;30.04.2025 21:00;0
172680;30.04.2025 22:00;0
172740;30.04.2025 23:00;0
172800;01.05.2025 00:00;0
172860;01.05.2025 01:00;0
172920;01.05.2025 02:00;0
172980;01.05.2025 03:00;0
173040;01.05.2025 04:00;20
173100;01.05.2025 05:00;0
173160;01.05.2025 06:00;0
173220;01.05.2025 07:00;0
173280;01.05.2025 08:00;0
173340;01.05.2025 09:00;0
173400;01.05.2025 10:00;0
173460;01.05.2025 11:00;0
173520;01.05.2025 12:00;0
173580;01.05.2025 13:00;20
173640;01.05.2025 14:00;0
173700;01.05.2025 15:00;0
173760;01.05.2025 16:00;0
173820;01.05.2025 17:00;0
173880;01.05.2025 18:00;0
173940;01.05.2025 19:00;0
174000;01.05.2025 20:00;0
174060;01.05.2025 21:00;0
174120;01.05.2025 22:00;0
174180;01.05.2025 23:00;0
174240;02.05.2025 00:00;0
174300;02.05.2025 01:00;0
174360;02.05.2025 02:00;0
174420;02.05.2025 03:00;0
174480;02.05.2025 04:00;10
174540;02.05.2025 05:00;0
174600;02.05.2025 06:00;0
174660;02.05.2025 07:00;0
174720;02.05.2025 08:00;0
174780;02.05.2025 09:00;0
174840;02.05.2025 10:00;0
174900;02.05.2025 11:00;0
174960;02.05.2025 12:00;0
175020;02.05.2025 13:00;39.96912316170231
175080;02.05.2025 14:00;0
175140;02.05.2025 15:00;0
175200;02.05.2025 16:00;0
175260;02.05.2025 17:00;0
175320;02.05.2025 18:00;0
175380;02.05.2025 19:00;0
175440;02.05.2025 20:00;0
175500;02.05.2025 21:00;0
175560;02.05.2025 22:00;0
175620;02.05.2025 23:00;0
175680;03.05.2025 00:00;0
175740;03.05.2025 01:00;0
175800;03.05.2025 02:00;0
175860;03.05.2025 03:00;0
175920;03.05.2025 04:00;20
175980;03.05.2025 05:00;0
176040;03.05.2025 06:00;0
176100;03.05.2025 07:00;0
176160;03.05.2025 08:00;0
176220;03.05.2025 09:00;0
176280;03.05.2025 10:00;0
176340;03.05.2025 11:00;0
176400;03.05.2025 12:00;0
176460;03.05.2025 13:00;0
176520;03.05.2025 14:00;10
176580;03.05.2025 15:00;0
176640;03.05.2025 16:00;0
176700;03.05.2025 17:00;0
176760;03.05.2025 18:00;0
176820;03.05.2025 19:00;0
176880;03.05.2025 20:00;0
176940;03.05.2025 21:00;20
177000;03.05.2025 22:00;0
177060;03.05.2025 23:00;0
177120;04.05.2025 00:00;0
177180;04.05.2025 01:00;0
177240;04.05.2025 02:00;0
177300;04.05.2025 03:00;0
177360;04.05.2025 04:00;0
177420;04.05.2025 05:00;0
177480;04.05.2025 06:00;0
177540;04.05.2025 07:00;0
177600;04.05.2025 08:00;0
177660;04.05.2025 09:00;0
177720;04.05.2025 10:00;10
177780;04.05.2025 11:00;0
177840;04.05.2025 12:00;0
177900;04.05.2025 13:00;0
177960;04.05.2025 14:00;9.76300845504085
178020;04.05.2025 15:00;0
178080;04.05.2025 16:00;0
178140;04.05.2025 17:00;20
178200;04.05.2025 18:00;0
178260;04.05.2025 19:00;0
178320;04.05.2025 20:00;0
178380;04.05.2025 21:00;0
178440;04.05.2025 22:00;0
178500;04.05.2025 23:00;0
178560;05.05.2025 00:00;0
178620;05.05.2025 01:00;0
178680;05.05.2025 02:00;0
178740;05.05.2025 03:00;0
178800;05.05.2025 04:00;0
178860;05.05.2025 05:00;0
178920;05.05.2025 06:00;0
178980;05.05.2025 07:00;10
179040;05.05.2025 08:00;50
179100;05.05.2025 09:00;0
179160;05.05.2025 10:00;0
179220;05.05.2025 11:00;0
179280;05.05.2025 12:00;0
179340;05.05.2025 13:00;0
179400;05.05.2025 14:00;0
179460;05.05.2025 15:00;0
179520;05.05.2025 16:00;0
179580;05.05.2025 17:00;20
179640;05.05.2025 18:00;0
179700;05.05.2025 19:00;0
179760;05.05.2025 20:00;0
179820;05.05.2025 21:00;0
179880;05.05.2025 22:00;0
179940;05.05.2025 23:00;0
180000;06.05.2025 00:00;0
180060;06.05.2025 01:00;0
180120;06.05.2025 02:00;0
180180;06.05.2025 03:00;0
180240;06.05.2025 04:00;0
180300;06.05.2025 05:00;20
180360;06.05.2025 06:00;0
180420;06.05.2025 07:00;0
180480;06.05.2025 08:00;0
180540;06.05.2025 09:00;0
180600;06.05.2025 10:00;0
180660;06.05.2025 11:00;0
180720;06.05.2025 12:00;0
180780;06.05.2025 13:00;9.635335040361086
180840;06.05.2025 14:00;0
180900;06.05.2025 15:00;0
180960;06.05.2025 16:00;10
181020;06.05.2025 17:00;0
181080;06.05.2025 18:00;0
181140;06.05.2025 19:00;0
181200;06.05.2025 20:00;0
181260;06.05.2025 21:00;0
181320;06.05.2025 22:00;0
181380;06.05.2025 23:00;0
181440;07.05.2025 00:00;0
181500;07.05.2025 01:00;0
181560;07.05.2025 02:00;0
181620;07.05.2025 03:00;0
181680;07.05.2025 04:00;0
181740;07.05.2025 05:00;20
181800;07.05.2025 06:00;0
181860;07.05.2025 07:00;0
181920;07.05.2025 08:00;0
181980;07.05.2025 09:00;0
182040;07.05.2025 10:00;0
182100;07.05.2025 11:00;0
182160;07.05.2025 12:00;0
182220;07.05.2025 13:00;0
182280;07.05.2025 14:00;0
182340;07.05.2025 15:00;0
182400;07.05.2025 16:00;0
182460;07.05.2025 17:00;0
182520;07.05.2025 18:00;10
182580;07.05.2025 19:00;0
182640;07.05.2025 20:00;0
182700;07.05.2025 21:00;0
182760;07.05.2025 22:00;0
182820;07.05.2025 23:00;0
182880;08.05.2025 00:00;0
182940;08.05.2025 01:00;0
183000;08.05.2025 02:00;0
183060;08.05.2025 03:00;0
183120;08.05.2025 04:00;0
183180;08.05.2025 05:00;20
183240;08.05.2025 06:00;0
183300;08.05.2025 07:00;0
183360;08.05.2025 08:00;0
183420;08.05.2025 09:00;0
183480;08.05.2025 10:00;0
183540;08.05.2025 11:00;0
183600;08.05.2025 12:00;8.890357214904508
183660;08.05.2025 13:00;0
183720;08.05.2025 14:00;10
183780;08.05.2025 15:00;0
183840;08.05.2025 16:00;0
183900;08.05.2025 17:00;0
183960;08.05.2025 18:00;0
184020;08.05.2025 19:00;0
184080;08.05.2025 20:00;0
184140;08.05.2025 21:00;0
184200;08.05.2025 22:00;0
184260;08.05.2025 23:00;0
184320;09.05.2025 00:00;0
184380;09.05.2025 01:00;0
184440;09.05.2025 02:00;0
184500;09.05.2025 03:00;20
184560;09.05.2025 04:00;0
184620;09.05.2025 05:00;0
184680;09.05.2025 06:00;0
184740;09.05.2025 07:00;0
184800;09.05.2025 08:00;0
184860;09.05.2025 09:00;0
184920;09.05.2025 10:00;0
184980;09.05.2025 11:00;0
185040;09.05.2025 12:00;20
185100;09.05.2025 13:00;0
185160;09.05.2025 14:00;0
185220;09.05.2025 15:00;0
185280;09.05.2025 16:00;0
185340;09.05.2025 17:00;0
185400;09.05.2025 18:00;0
185460;09.05.2025 19:00;0
185520;09.05.2025 20:00;0
185580;09.05.2025 21:00;0
185640;09.05.2025 22:00;0
185700;09.05.2025 23:00;0
185760;10.05.2025 00:00;0
185820;10.05.2025 01:00;0
185880;10.05.2025 02:00;0
185940;10.05.2025 03:00;0
186000;10.05.2025 04:00;10
186060;10.05.2025 05:00;0
186120;10.05.2025 06:00;0
186180;10.05.2025 07:00;0
186240;10.05.2025 08:00;0
186300;10.05.2025 09:00;0
186360;10.05.2025 10:00;0
186420;10.05.2025 11:00;0
186480;10.05.2025 12:00;0
186540;10.05.2025 13:00;18.772297495054197
186600;10.05.2025 14:00;0
186660;10.05.2025 15:00;0
186720;10.05.2025 16:00;0
186780;10.05.2025 17:00;0
186840;10.05.2025 18:00;0
186900;10.05.2025 19:00;0
186960;10.05.2025 20:00;0
187020;10.05.2025 21:00;0
187080;10.05.2025 22:00;0
187140;10.05.2025 23:00;0
187200;11.05.2025 00:00;0
187260;11.05.2025 01:00;0
187320;11.05.2025 02:00;0
187380;11.05.2025 03:00;0
187440;11.05.2025 04:00;10
187500;11.05.2025 05:00;0
187560;11.05.2025 06:00;0
187620;11.05.2025 07:00;0
187680;11.05.2025 08:00;0
187740;11.05.2025 09:00;0
187800;11.05.2025 10:00;45
187860;11.05.2025 11:00;10
187920;11.05.2025 12:00;10
187980;11.05.2025 13:00;0
188040;11.05.2025 14:00;0
188100;11.05.2025 15:00;0
188160;11.05.2025 16:00;0
188220;11.05.2025 17:00;0
188280;11.05.2025 18:00;0
188340;11.05.2025 19:00;0
188400;11.05.2025 20:00;0
188460;11.05.2025 21:00;0
188520;11.05.2025 22:00;0
188580;11.05.2025 23:00;0
188640;12.05.2025 00:00;0
188700;12.05.2025 01:00;0
188760;12.05.2025 02:00;0
188820;12.05.2025 03:00;0
188880;12.05.2025 04:00;0
188940;12.05.2025 05:00;20
189000;12.05.2025 06:00;0
189060;12.05.2025 07:00;0
189120;12.05.2025 08:00;0
189180;12.05.2025 09:00;0
189240;12.05.2025 10:00;0
189300;12.05.2025 11:00;0
189360;12.05.2025 12:00;0
189420;12.05.2025 13:00;11.846684986167514
189480;12.05.2025 14:00;0
189540;12.05.2025 15:00;0
189600;12.05.2025 16:00;10
189660;12.05.2025 17:00;0
189720;12.05.2025 18:00;0
189780;12.05.2025 19:00;0
189840;12.05.2025 20:00;0
189900;12.05.2025 21:00;0
189960;12.05.2025 22:00;0
190020;12.05.2025 23:00;0
190080;13.05.2025 00:00;0
190140;13.05.2025 01:00;0
190200;13.05.2025 02:00;0
190260;13.05.2025 03:00;0
190320;13.05.2025 04:00;0
190380;13.05.2025 05:00;10
190440;13.05.2025 06:00;0
190500;13.05.2025 07:00;0
190560;13.05.2025 08:00;0
190620;13.05.2025 09:00;0
190680;13.05.2025 10:00;0
190740;13.05.2025 11:00;0
190800;13.05.2025 12:00;0
190860;13.05.2025 13:00;0
190920;13.05.2025 14:00;0
190980;13.05.2025 15:00;10
191040;13.05.2025 16:00;0
191100;13.05.2025 17:00;0
191160;13.05.2025 18:00;0
191220;13.05.2025 19:00;0
191280;13.05.2025 20:00;0
191340;13.05.2025 21:00;0
191400;13.05.2025 22:00;0
191460;13.05.2025 23:00;0
191520;14.05.2025 00:00;0
191580;14.05.2025 01:00;0
191640;14.05.2025 02:00;0
191700;14.05.2025 03:00;0
191760;14.05.2025 04:00;20
191820;14.05.2025 05:00;0
191880;14.05.2025 06:00;0
191940;14.05.2025 07:00;0
192000;14.05.2025 08:00;0
192060;14.05.2025 09:00;0
192120;14.05.2025 10:00;0
192180;14.05.2025 11:00;0
192240;14.05.2025 12:00;0
192300;14.05.2025 13:00;10
192360;14.05.2025 14:00;0
192420;14.05.2025 15:00;0
192480;14.05.2025 16:00;0
192540;14.05.2025 17:00;0
192600;14.05.2025 18:00;20.43069652635397
192660;14.05.2025 19:00;0
192720;14.05.2025 20:00;0
192780;14.05.2025 21:00;0
192840;14.05.2025 22:00;0
192900;14.05.2025 23:00;0
192960;15.05.2025 00:00;0
193020;15.05.2025 01:00;0
193080;15.05.2025 02:00;0
193140;15.05.2025 03:00;0
193200;15.05.2025 04:00;0
193260;15.05.2025 05:00;20
193320;15.05.2025 06:00;0
193380;15.05.2025 07:00;0
193440;15.05.2025 08:00;0
193500;15.05.2025 09:00;0
193560;15.05.2025 10:00;0
193620;15.05.2025 11:00;0
193680;15.05.2025 12:00;0
193740;15.05.2025 13:00;0
193800;15.05.2025 14:00;20
193860;15.05.2025 15:00;0
193920;15.05.2025 16:00;0
193980;15.05.2025 17:00;0
194040;15.05.2025 18:00;0
194100;15.05.2025 19:00;0
194160;15.05.2025 20:00;0
194220;15.05.2025 21:00;0
194280;15.05.2025 22:00;0
194340;15.05.2025 23:00;0
194400;16.05.2025 00:00;0
194460;16.05.2025 01:00;0
194520;16.05.2025 02:00;0
194580;16.05.2025 03:00;0
194640;16.05.2025 04:00;0
194700;16.05.2025 05:00;10
194760;16.05.2025 06:00;0
194820;16.05.2025 07:00;0
194880;16.05.2025 08:00;0
194940;16.05.2025 09:00;0
195000;16.05.2025 10:00;0
195060;16.05.2025 11:00;0
195120;16.05.2025 12:00;0
195180;16.05.2025 13:00;0
195240;16.05.2025 14:00;0
195300;16.05.2025 15:00;0
195360;16.05.2025 16:00;0
195420;16.05.2025 17:00;0
195480;16.05.2025 18:00;0
195540;16.05.2025 19:00;21.39274212115296
195600;16.05.2025 20:00;0
195660;16.05.2025 21:00;0
195720;16.05.2025 22:00;0
195780;16.05.2025 23:00;0
195840;17.05.2025 00:00;0
195900;17.05.2025 01:00;0
195960;17.05.2025 02:00;0
196020;17.05.2025 03:00;0
196080;17.05.2025 04:00;0
196140;17.05.2025 05:00;0
196200;17.05.2025 06:00;10
196260;17.05.2025 07:00;0
196320;17.05.2025 08:00;45
196380;17.05.2025 09:00;0
196440;17.05.2025 10:00;0
196500;17.05.2025 11:00;0
196560;17.05.2025 12:00;0
196620;17.05.2025 13:00;0
196680;17.05.2025 14:00;10
196740;17.05.2025 15:00;0
196800;17.05.2025 16:00;0
196860;17.05.2025 17:00;0
196920;17.05.2025 18:00;0
196980;17.05.2025 19:00;0
197040;17.05.2025 20:00;0
197100;17.05.2025 21:00;0
197160;17.05.2025 22:00;0
197220;17.05.2025 23:00;0
197280;18.05.2025 00:00;0
197340;18.05.2025 01:00;0
197400;18.05.2025 02:00;0
197460;18.05.2025 03:00;0
197520;18.05.2025 04:00;0
197580;18.05.2025 05:00;0
197640;18.05.2025 06:00;20
197700;18.05.2025 07:00;0
197760;18.05.2025 08:00;0
197820;18.05.2025 09:00;0
197880;18.05.2025 10:00;0
197940;18.05.2025 11:00;0
198000;18.05.2025 12:00;0
198060;18.05.2025 13:00;0
198120;18.05.2025 14:00;20
198180;18.05.2025 15:00;0
198240;18.05.2025 16:00;0
198300;18.05.2025 17:00;19.120517207556738
198360;18.05.2025 18:00;0
198420;18.05.2025 19:00;0
198480;18.05.2025 20:00;0
198540;18.05.2025 21:00;0
198600;18.05.2025 22:00;0
198660;18.05.2025 23:00;0
198720;19.05.2025 00:00;0
198780;19.05.2025 01:00;0
198840;19.05.2025 02:00;0
198900;19.05.2025 03:00;0
198960;19.05.2025 04:00;0
199020;19.05.2025 05:00;20
199080;19.05.2025 06:00;0
199140;19.05.2025 07:00;0
199200;19.05.2025 08:00;0
199260;19.05.2025 09:00;0
199320;19.05.2025 10:00;0
199380;19.05.2025 11:00;0
199440;19.05.2025 12:00;0
199500;19.05.2025 13:00;0
199560;19.05.2025 14:00;0
199620;19.05.2025 15:00;0
199680;19.05.2025 16:00;0
199740;19.05.2025 17:00;0
199800;19.05.2025 18:00;20
199860;19.05.2025 19:00;0
199920;19.05.2025 20:00;0
199980;19.05.2025 21:00;0
200040;19.05.2025 22:00;0
200100;19.05.2025 23:00;0
200160;20.05.2025 00:00;0
200220;20.05.2025 01:00;0
200280;20.05.2025 02:00;0
200340;20.05.2025 03:00;0
200400;20.05.2025 04:00;0
200460;20.05.2025 05:00;0
200520;20.05.2025 06:00;0
200580;20.05.2025 07:00;10
200640;20.05.2025 08:00;0
200700;20.05.2025 09:00;0
200760;20.05.2025 10:00;0
200820;20.05.2025 11:00;0
200880;20.05.2025 12:00;19.78100349792792
200940;20.05.2025 13:00;0
201000;20.05.2025 14:00;0
201060;20.05.2025 15:00;0
201120;20.05.2025 16:00;0
201180;20.05.2025 17:00;20
201240;20.05.2025 18:00;0
201300;20.05.2025 19:00;0
201360;20.05.2025 20:00;0
201420;20.05.2025 21:00;0
201480;20.05.2025 22:00;0
201540;20.05.2025 23:00;0
201600;21.05.2025 00:00;0
201660;21.05.2025 01:00;0
201720;21.05.2025 02:00;0
201780;21.05.2025 03:00;0
201840;21.05.2025 04:00;0
201900;21.05.2025 05:00;0
201960;21.05.2025 06:00;0
202020;21.05.2025 07:00;10
202080;21.05.2025 08:00;0
202140;21.05.2025 09:00;0
202200;21.05.2025 10:00;0
202260;21.05.2025 11:00;0
202320;21.05.2025 12:00;0
202380;21.05.2025 13:00;0
202440;21.05.2025 14:00;0
202500;21.05.2025 15:00;0
202560;21.05.2025 16:00;0
202620;21.05.2025 17:00;0
202680;21.05.2025 18:00;0
202740;21.05.2025 19:00;20
202800;21.05.2025 20:00;0
202860;21.05.2025 21:00;0
202920;21.05.2025 22:00;0
202980;21.05.2025 23:00;0
203040;22.05.2025 00:00;0
203100;22.05.2025 01:00;0
203160;22.05.2025 02:00;0
203220;22.05.2025 03:00;0
203280;22.05.2025 04:00;0
203340;22.05.2025 05:00;10
203400;22.05.2025 06:00;0
203460;22.05.2025 07:00;0
203520;22.05.2025 08:00;0
203580;22.05.2025 09:00;45
203640;22.05.2025 10:00;0
203700;22.05.2025 11:00;0
203760;22.05.2025 12:00;0
203820;22.05.2025 13:00;10.693143118255389
203880;22.05.2025 14:00;20
203940;22.05.2025 15:00;0
204000;22.05.2025 16:00;0
204060;22.05.2025 17:00;0
204120;22.05.2025 18:00;0
204180;22.05.2025 19:00;0
204240;22.05.2025 20:00;0
204300;22.05.2025 21:00;0
204360;22.05.2025 22:00;0
204420;22.05.2025 23:00;0
204480;23.05.2025 00:00;0
204540;23.05.2025 01:00;0
204600;23.05.2025 02:00;0
204660;23.05.2025 03:00;0
204720;23.05.2025 04:00;10
204780;23.05.2025 05:00;0
204840;23.05.2025 06:00;0
204900;23.05.2025 07:00;0
204960;23.05.2025 08:00;0
205020;23.05.2025 09:00;50
205080;23.05.2025 10:00;0
205140;23.05.2025 11:00;0
205200;23.05.2025 12:00;0
205260;23.05.2025 13:00;10
205320;23.05.2025 14:00;0
205380;23.05.2025 15:00;0
205440;23.05.2025 16:00;0
205500;23.05.2025 17:00;0
205560;23.05.2025 18:00;0
205620;23.05.2025 19:00;0
205680;23.05.2025 20:00;0
205740;23.05.2025 21:00;0
205800;23.05.2025 22:00;0
205860;23.05.2025 23:00;0
205920;24.05.2025 00:00;0
205980;24.05.2025 01:00;0
206040;24.05.2025 02:00;0
206100;24.05.2025 03:00;0
206160;24.05.2025 04:00;20
206220;24.05.2025 05:00;0
206280;24.05.2025 06:00;0
206340;24.05.2025 07:00;0
206400;24.05.2025 08:00;0
206460;24.05.2025 09:00;0
206520;24.05.2025 10:00;0
206580;24.05.2025 11:00;0
206640;24.05.2025 12:00;0
206700;24.05.2025 13:00;0
206760;24.05.2025 14:00;17.962852096127378
206820;24.05.2025 15:00;0
206880;24.05.2025 16:00;0
206940;24.05.2025 17:00;0
207000;24.05.2025 18:00;0
207060;24.05.2025 19:00;0
207120;24.05.2025 20:00;0
207180;24.05.2025 21:00;0
207240;24.05.2025 22:00;0
207300;24.05.2025 23:00;0
207360;25.05.2025 00:00;0
207420;25.05.2025 01:00;0
207480;25.05.2025 02:00;0
207540;25.05.2025 03:00;0
207600;25.05.2025 04:00;0
207660;25.05.2025 05:00;20
207720;25.05.2025 06:00;0
207780;25.05.2025 07:00;0
207840;25.05.2025 08:00;0
207900;25.05.2025 09:00;0
207960;25.05.2025 10:00;0
208020;25.05.2025 11:00;0
208080;25.05.2025 12:00;0
208140;25.05.2025 13:00;10
208200;25.05.2025 14:00;0
208260;25.05.2025 15:00;0
208320;25.05.2025 16:00;0
208380;25.05.2025 17:00;0
208440;25.05.2025 18:00;0
208500;25.05.2025 19:00;0
208560;25.05.2025 20:00;0
208620;25.05.2025 21:00;10
208680;25.05.2025 22:00;0
208740;25.05.2025 23:00;0
208800;26.05.2025 00:00;0
208860;26.05.2025 01:00;0
208920;26.05.2025 02:00;0
208980;26.05.2025 03:00;0
209040;26.05.2025 04:00;0
209100;26.05.2025 05:00;0
209160;26.05.2025 06:00;0
209220;26.05.2025 07:00;0
209280;26.05.2025 08:00;0
209340;26.05.2025 09:00;0
209400;26.05.2025 10:00;0
209460;26.05.2025 11:00;0
209520;26.05.2025 12:00;20.71575288546977
209580;26.05.2025 13:00;0
209640;26.05.2025 14:00;0
209700;26.05.2025 15:00;0
209760;26.05.2025 16:00;0
209820;26.05.2025 17:00;0
209880;26.05.2025 18:00;0
209940;26.05.2025 19:00;0
210000;26.05.2025 20:00;0
210060;26.05.2025 21:00;10
210120;26.05.2025 22:00;0
210180;26.05.2025 23:00;0
210240;27.05.2025 00:00;0
210300;27.05.2025 01:00;0
210360;27.05.2025 02:00;0
210420;27.05.2025 03:00;0
210480;27.05.2025 04:00;0
210540;27.05.2025 05:00;0
210600;27.05.2025 06:00;0
210660;27.05.2025 07:00;0
210720;27.05.2025 08:00;20
210780;27.05.2025 09:00;0
210840;27.05.2025 10:00;0
210900;27.05.2025 11:00;0
210960;27.05.2025 12:00;0
211020;27.05.2025 13:00;0
211080;27.05.2025 14:00;0
211140;27.05.2025 15:00;0
211200;27.05.2025 16:00;0
211260;27.05.2025 17:00;0
211320;27.05.2025 18:00;0
211380;27.05.2025 19:00;0
211440;27.05.2025 20:00;10
211500;27.05.2025 21:00;0
211560;27.05.2025 22:00;0
211620;27.05.2025 23:00;0
211680;28.05.2025 00:00;0
211740;28.05.2025 01:00;0
211800;28.05.2025 02:00;0
211860;28.05.2025 03:00;0
211920;28.05.2025 04:00;0
211980;28.05.2025 05:00;0
212040;28.05.2025 06:00;0
212100;28.05.2025 07:00;0
212160;28.05.2025 08:00;10
212220;28.05.2025 09:00;0
212280;28.05.2025 10:00;0
212340;28.05.2025 11:00;0
212400;28.05.2025 12:00;0
212460;28.05.2025 13:00;19.659188872890407
212520;28.05.2025 14:00;0
212580;28.05.2025 15:00;0
212640;28.05.2025 16:00;0
212700;28.05.2025 17:00;0
212760;28.05.2025 18:00;0
212820;28.05.2025 19:00;20
212880;28.05.2025 20:00;0
212940;28.05.2025 21:00;0
213000;28.05.2025 22:00;0
213060;28.05.2025 23:00;0
213120;29.05.2025 00:00;0
213180;29.05.2025 01:00;0
213240;29.05.2025 02:00;0
213300;29.05.2025 03:00;0
213360;29.05.2025 04:00;0
213420;29.05.2025 05:00;0
213480;29.05.2025 06:00;0
213540;29.05.2025 07:00;10
213600;29.05.2025 08:00;0
213660;29.05.2025 09:00;45
213720;29.05.2025 10:00;0
213780;29.05.2025 11:00;0
213840;29.05.2025 12:00;0
213900;29.05.2025 13:00;0
213960;29.05.2025 14:00;0
214020;29.05.2025 15:00;0
214080;29.05.2025 16:00;10
214140;29.05.2025 17:00;0
214200;29.05.2025 18:00;0
214260;29.05.2025 19:00;0
214320;29.05.2025 20:00;0
214380;29.05.2025 21:00;0
214440;29.05.2025 22:00;0
214500;29.05.2025 23:00;0
214560;30.05.2025 00:00;0
214620;30.05.2025 01:00;0
214680;30.05.2025 02:00;0
214740;30.05.2025 03:00;0
214800;30.05.2025 04:00;10
214860;30.05.2025 05:00;0
214920;30.05.2025 06:00;0
214980;30.05.2025 07:00;0
215040;30.05.2025 08:00;0
215100;30.05.2025 09:00;0
215160;30.05.2025 10:00;0
215220;30.05.2025 11:00;0
215280;30.05.2025 12:00;0
215340;30.05.2025 13:00;27.981629210682833
215400;30.05.2025 14:00;0
215460;30.05.2025 15:00;0
215520;30.05.2025 16:00;0
215580;30.05.2025 17:00;0
215640;30.05.2025 18:00;0
215700;30.05.2025 19:00;0
215760;30.05.2025 20:00;0
215820;30.05.2025 21:00;0
215880;30.05.2025 22:00;0
215940;30.05.2025 23:00;0
216000;31.05.2025 00:00;0
216060;31.05.2025 01:00;0
216120;31.05.2025 02:00;0
216180;31.05.2025 03:00;20
216240;31.05.2025 04:00;0
216300;31.05.2025 05:00;0
216360;31.05.2025 06:00;0
216420;31.05.2025 07:00;0
216480;31.05.2025 08:00;0
216540;31.05.2025 09:00;0
216600;31.05.2025 10:00;0
216660;31.05.2025 11:00;0
216720;31.05.2025 12:00;0
216780;31.05.2025 13:00;20
216840;31.05.2025 14:00;0
216900;31.05.2025 15:00;0
216960;31.05.2025 16:00;0
217020;31.05.2025 17:00;0
217080;31.05.2025 18:00;0
217140;31.05.2025 19:00;0
217200;31.05.2025 20:00;0
217260;31.05.2025 21:00;0
217320;31.05.2025 22:00;0
217380;31.05.2025 23:00;0
217440;01.06.2025 00:00;0
217500;01.06.2025 01:00;0
217560;01.06.2025 02:00;0
217620;01.06.2025 03:00;0
217680;01.06.2025 04:00;0
217740;01.06.2025 05:00;0
217800;01.06.2025 06:00;0
217860;01.06.2025 07:00;20.760333848773534
217920;01.06.2025 08:00;0
217980;01.06.2025 09:00;20
218040;01.06.2025 10:00;0
218100;01.06.2025 11:00;0
218160;01.06.2025 12:00;0
218220;01.06.2025 13:00;20.433406543790696
218280;01.06.2025 14:00;0
218340;01.06.2025 15:00;10
218400;01.06.2025 16:00;0
218460;01.06.2025 17:00;0
218520;01.06.2025 18:00;0
218580;01.06.2025 19:00;0
218640;01.06.2025 20:00;0
218700;01.06.2025 21:00;0
218760;01.06.2025 22:00;0
218820;01.06.2025 23:00;0
218880;02.06.2025 00:00;0
218940;02.06.2025 01:00;0
219000;02.06.2025 02:00;0
219060;02.06.2025 03:00;0
219120;02.06.2025 04:00;0
219180;02.06.2025 05:00;10
219240;02.06.2025 06:00;0
219300;02.06.2025 07:00;0
219360;02.06.2025 08:00;0
219420;02.06.2025 09:00;0
219480;02.06.2025 10:00;10
219540;02.06.2025 11:00;0
219600;02.06.2025 12:00;0
219660;02.06.2025 13:00;0
219720;02.06.2025 14:00;0
219780;02.06.2025 15:00;0
219840;02.06.2025 16:00;0
219900;02.06.2025 17:00;0
219960;02.06.2025 18:00;0
220020;02.06.2025 19:00;0
220080;02.06.2025 20:00;0
220140;02.06.2025 21:00;0
220200;02.06.2025 22:00;0
220260;02.06.2025 23:00;0
220320;03.06.2025 00:00;0
220380;03.06.2025 01:00;0
220440;03.06.2025 02:00;0
220500;03.06.2025 03:00;0
220560;03.06.2025 04:00;10
220620;03.06.2025 05:00;0
220680;03.06.2025 06:00;0
220740;03.06.2025 07:00;0
220800;03.06.2025 08:00;0
220860;03.06.2025 09:00;0
220920;03.06.2025 10:00;0
220980;03.06.2025 11:00;0
221040;03.06.2025 12:00;10
221100;03.06.2025 13:00;0
221160;03.06.2025 14:00;19.410227673238804
221220;03.06.2025 15:00;0
221280;03.06.2025 16:00;0
221340;03.06.2025 17:00;0
221400;03.06.2025 18:00;0
221460;03.06.2025 19:00;0
221520;03.06.2025 20:00;0
221580;03.06.2025 21:00;10
221640;03.06.2025 22:00;0
221700;03.06.2025 23:00;0
221760;04.06.2025 00:00;0
221820;04.06.2025 01:00;0
221880;04.06.2025 02:00;0
221940;04.06.2025 03:00;0
222000;04.06.2025 04:00;0
222060;04.06.2025 05:00;0
222120;04.06.2025 06:00;0
222180;04.06.2025 07:00;0
222240;04.06.2025 08:00;0
222300;04.06.2025 09:00;20
222360;04.06.2025 10:00;0
222420;04.06.2025 11:00;0
222480;04.06.2025 12:00;0
222540;04.06.2025 13:00;0
222600;04.06.2025 14:00;55
222660;04.06.2025 15:00;0
222720;04.06.2025 16:00;0
222780;04.06.2025 17:00;0
222840;04.06.2025 18:00;0
222900;04.06.2025 19:00;0
222960;04.06.2025 20:00;20
223020;04.06.2025 21:00;0
223080;04.06.2025 22:00;0
223140;04.06.2025 23:00;0
223200;05.06.2025 00:00;0
223260;05.06.2025 01:00;0
223320;05.06.2025 02:00;0
223380;05.06.2025 03:00;0
223440;05.06.2025 04:00;0
223500;05.06.2025 05:00;0
223560;05.06.2025 06:00;0
223620;05.06.2025 07:00;20
223680;05.06.2025 08:00;0
223740;05.06.2025 09:00;0
223800;05.06.2025 10:00;0
223860;05.06.2025 11:00;0
223920;05.06.2025 12:00;0
223980;05.06.2025 13:00;10.805379002898263
224040;05.06.2025 14:00;0
224100;05.06.2025 15:00;0
224160;05.06.2025 16:00;20
224220;05.06.2025 17:00;0
224280;05.06.2025 18:00;0
224340;05.06.2025 19:00;0
224400;05.06.2025 20:00;0
224460;05.06.2025 21:00;0
224520;05.06.2025 22:00;0
224580;05.06.2025 23:00;0
224640;06.06.2025 00:00;0
224700;06.06.2025 01:00;0
224760;06.06.2025 02:00;0
224820;06.06.2025 03:00;0
224880;06.06.2025 04:00;0
224940;06.06.2025 05:00;0
225000;06.06.2025 06:00;0
225060;06.06.2025 07:00;20
225120;06.06.2025 08:00;0
225180;06.06.2025 09:00;0
225240;06.06.2025 10:00;0
225300;06.06.2025 11:00;0
225360;06.06.2025 12:00;0
225420;06.06.2025 13:00;0
225480;06.06.2025 14:00;0
225540;06.06.2025 15:00;0
225600;06.06.2025 16:00;0
225660;06.06.2025 17:00;0
225720;06.06.2025 18:00;0
225780;06.06.2025 19:00;20
225840;06.06.2025 20:00;0
225900;06.06.2025 21:00;0
225960;06.06.2025 22:00;0
226020;06.06.2025 23:00;0
226080;07.06.2025 00:00;0
226140;07.06.2025 01:00;0
226200;07.06.2025 02:00;0
226260;07.06.2025 03:00;0
226320;07.06.2025 04:00;0
226380;07.06.2025 05:00;0
226440;07.06.2025 06:00;0
226500;07.06.2025 07:00;20
226560;07.06.2025 08:00;0
226620;07.06.2025 09:00;0
226680;07.06.2025 10:00;0
226740;07.06.2025 11:00;0
226800;07.06.2025 12:00;0
226860;07.06.2025 13:00;0
226920;07.06.2025 14:00;19.58443528004815
226980;07.06.2025 15:00;0
227040;07.06.2025 16:00;10
227100;07.06.2025 17:00;0
227160;07.06.2025 18:00;0
227220;07.06.2025 19:00;0
227280;07.06.2025 20:00;0
227340;07.06.2025 21:00;0
227400;07.06.2025 22:00;0
227460;07.06.2025 23:00;0
227520;08.06.2025 00:00;0
227580;08.06.2025 01:00;0
227640;08.06.2025 02:00;0
227700;08.06.2025 03:00;0
227760;08.06.2025 04:00;0
227820;08.06.2025 05:00;10
227880;08.06.2025 06:00;0
227940;08.06.2025 07:00;0
228000;08.06.2025 08:00;0
228060;08.06.2025 09:00;0
228120;08.06.2025 10:00;0
228180;08.06.2025 11:00;0
228240;08.06.2025 12:00;0
228300;08.06.2025 13:00;0
228360;08.06.2025 14:00;10
228420;08.06.2025 15:00;0
228480;08.06.2025 16:00;0
228540;08.06.2025 17:00;0
228600;08.06.2025 18:00;0
228660;08.06.2025 19:00;0
228720;08.06.2025 20:00;0
228780;08.06.2025 21:00;0
228840;08.06.2025 22:00;0
228900;08.06.2025 23:00;0
228960;09.06.2025 00:00;0
229020;09.06.2025 01:00;0
229080;09.06.2025 02:00;0
229140;09.06.2025 03:00;0
229200;09.06.2025 04:00;10
229260;09.06.2025 05:00;0
229320;09.06.2025 06:00;0
229380;09.06.2025 07:00;0
229440;09.06.2025 08:00;0
229500;09.06.2025 09:00;0
229560;09.06.2025 10:00;0
229620;09.06.2025 11:00;9.193198401357417
229680;09.06.2025 12:00;0
229740;09.06.2025 13:00;0
229800;09.06.2025 14:00;10
229860;09.06.2025 15:00;0
229920;09.06.2025 16:00;0
229980;09.06.2025 17:00;0
230040;09.06.2025 18:00;0
230100;09.06.2025 19:00;0
230160;09.06.2025 20:00;0
230220;09.06.2025 21:00;0
230280;09.06.2025 22:00;0
230340;09.06.2025 23:00;0
230400;10.06.2025 00:00;0
230460;10.06.2025 01:00;0
230520;10.06.2025 02:00;0
230580;10.06.2025 03:00;0
230640;10.06.2025 04:00;20
230700;10.06.2025 05:00;0
230760;10.06.2025 06:00;0
230820;10.06.2025 07:00;0
230880;10.06.2025 08:00;50
230940;10.06.2025 09:00;0
231000;10.06.2025 10:00;0
231060;10.06.2025 11:00;0
231120;10.06.2025 12:00;0
231180;10.06.2025 13:00;10
231240;10.06.2025 14:00;0
231300;10.06.2025 15:00;0
231360;10.06.2025 16:00;0
231420;10.06.2025 17:00;0
231480;10.06.2025 18:00;0
231540;10.06.2025 19:00;0
231600;10.06.2025 20:00;0
231660;10.06.2025 21:00;0
231720;10.06.2025 22:00;0
231780;10.06.2025 23:00;0
231840;11.06.2025 00:00;0
231900;11.06.2025 01:00;0
231960;11.06.2025 02:00;0
232020;11.06.2025 03:00;0
232080;11.06.2025 04:00;0
232140;11.06.2025 05:00;10
232200;11.06.2025 06:00;0
232260;11.06.2025 07:00;0
232320;11.06.2025 08:00;0
232380;11.06.2025 09:00;0
232440;11.06.2025 10:00;0
232500;11.06.2025 11:00;0
232560;11.06.2025 12:00;0
232620;11.06.2025 13:00;0
232680;11.06.2025 14:00;7.509991741037895
232740;11.06.2025 15:00;0
232800;11.06.2025 16:00;0
232860;11.06.2025 17:00;10
232920;11.06.2025 18:00;0
232980;11.06.2025 19:00;0
233040;11.06.2025 20:00;0
233100;11.06.2025 21:00;0
233160;11.06.2025 22:00;0
233220;11.06.2025 23:00;0
233280;12.06.2025 00:00;0
233340;12.06.2025 01:00;0
233400;12.06.2025 02:00;0
233460;12.06.2025 03:00;0
233520;12.06.2025 04:00;0
233580;12.06.2025 05:00;10
233640;12.06.2025 06:00;0
233700;12.06.2025 07:00;0
233760;12.06.2025 08:00;0
233820;12.06.2025 09:00;0
233880;12.06.2025 10:00;0
233940;12.06.2025 11:00;0
234000;12.06.2025 12:00;0
234060;12.06.2025 13:00;0
234120;12.06.2025 14:00;0
234180;12.06.2025 15:00;10
234240;12.06.2025 16:00;0
234300;12.06.2025 17:00;0
234360;12.06.2025 18:00;0
234420;12.06.2025 19:00;0
234480;12.06.2025 20:00;0
234540;12.06.2025 21:00;0
234600;12.06.2025 22:00;0
234660;12.06.2025 23:00;0
234720;13.06.2025 00:00;0
234780;13.06.2025 01:00;0
234840;13.06.2025 02:00;0
234900;13.06.2025 03:00;0
234960;13.06.2025 04:00;0
235020;13.06.2025 05:00;0
235080;13.06.2025 06:00;20
235140;13.06.2025 07:00;0
235200;13.06.2025 08:00;0
235260;13.06.2025 09:00;0
235320;13.06.2025 10:00;0
235380;13.06.2025 11:00;0
235440;13.06.2025 12:00;0
235500;13.06.2025 13:00;0
235560;13.06.2025 14:00;0
235620;13.06.2025 15:00;0
235680;13.06.2025 16:00;0
235740;13.06.2025 17:00;19.076101066491947
235800;13.06.2025 18:00;0
235860;13.06.2025 19:00;0
235920;13.06.2025 20:00;0
235980;13.06.2025 21:00;0
236040;13.06.2025 22:00;0
236100;13.06.2025 23:00;0
236160;14.06.2025 00:00;0
236220;14.06.2025 01:00;0
236280;14.06.2025 02:00;0
236340;14.06.2025 03:00;0
236400;14.06.2025 04:00;0
236460;14.06.2025 05:00;10
236520;14.06.2025 06:00;0
236580;14.06.2025 07:00;0
236640;14.06.2025 08:00;0
236700;14.06.2025 09:00;0
236760;14.06.2025 10:00;0
236820;14.06.2025 11:00;0
236880;14.06.2025 12:00;0
236940;14.06.2025 13:00;0
237000;14.06.2025 14:00;10
237060;14.06.2025 15:00;0
237120;14.06.2025 16:00;0
237180;14.06.2025 17:00;0
237240;14.06.2025 18:00;0
237300;14.06.2025 19:00;0
237360;14.06.2025 20:00;0
237420;14.06.2025 21:00;0
237480;14.06.2025 22:00;0
237540;14.06.2025 23:00;0
237600;15.06.2025 00:00;0
237660;15.06.2025 01:00;0
237720;15.06.2025 02:00;0
237780;15.06.2025 03:00;0
237840;15.06.2025 04:00;20
237900;15.06.2025 05:00;0
237960;15.06.2025 06:00;0
238020;15.06.2025 07:00;0
238080;15.06.2025 08:00;0
238140;15.06.2025 09:00;0
238200;15.06.2025 10:00;0
238260;15.06.2025 11:00;0
238320;15.06.2025 12:00;0
238380;15.06.2025 13:00;0
238440;15.06.2025 14:00;29.116531225374715
238500;15.06.2025 15:00;0
238560;15.06.2025 16:00;0
238620;15.06.2025 17:00;0
238680;15.06.2025 18:00;0
238740;15.06.2025 19:00;0
238800;15.06.2025 20:00;0
238860;15.06.2025 21:00;0
238920;15.06.2025 22:00;0
238980;15.06.2025 23:00;0
239040;16.06.2025 00:00;0
239100;16.06.2025 01:00;0
239160;16.06.2025 02:00;0
239220;16.06.2025 03:00;0
239280;16.06.2025 04:00;20
239340;16.06.2025 05:00;0
239400;16.06.2025 06:00;0
239460;16.06.2025 07:00;0
239520;16.06.2025 08:00;60
239580;16.06.2025 09:00;0
239640;16.06.2025 10:00;55
239700;16.06.2025 11:00;0
239760;16.06.2025 12:00;0
239820;16.06.2025 13:00;10
239880;16.06.2025 14:00;0
239940;16.06.2025 15:00;0
240000;16.06.2025 16:00;0
240060;16.06.2025 17:00;0
240120;16.06.2025 18:00;0
240180;16.06.2025 19:00;0
240240;16.06.2025 20:00;0
240300;16.06.2025 21:00;0
240360;16.06.2025 22:00;0
240420;16.06.2025 23:00;0
240480;17.06.2025 00:00;0
240540;17.06.2025 01:00;0
240600;17.06.2025 02:00;0
240660;17.06.2025 03:00;20
240720;17.06.2025 04:00;0
240780;17.06.2025 05:00;0
240840;17.06.2025 06:00;0
240900;17.06.2025 07:00;0
240960;17.06.2025 08:00;0
241020;17.06.2025 09:00;0
241080;17.06.2025 10:00;0
241140;17.06.2025 11:00;0
241200;17.06.2025 12:00;20
241260;17.06.2025 13:00;0
241320;17.06.2025 14:00;10.58060835669442
241380;17.06.2025 15:00;0
241440;17.06.2025 16:00;0
241500;17.06.2025 17:00;0
241560;17.06.2025 18:00;0
241620;17.06.2025 19:00;0
241680;17.06.2025 20:00;0
241740;17.06.2025 21:00;10
241800;17.06.2025 22:00;0
241860;17.06.2025 23:00;0
241920;18.06.2025 00:00;0
241980;18.06.2025 01:00;0
242040;18.06.2025 02:00;0
242100;18.06.2025 03:00;0
242160;18.06.2025 04:00;0
242220;18.06.2025 05:00;0
242280;18.06.2025 06:00;0
242340;18.06.2025 07:00;0
242400;18.06.2025 08:00;0
242460;18.06.2025 09:00;20
242520;18.06.2025 10:00;0
242580;18.06.2025 11:00;0
242640;18.06.2025 12:00;0
242700;18.06.2025 13:00;0
242760;18.06.2025 14:00;0
242820;18.06.2025 15:00;0
242880;18.06.2025 16:00;0
242940;18.06.2025 17:00;0
243000;18.06.2025 18:00;0
243060;18.06.2025 19:00;10
243120;18.06.2025 20:00;0
243180;18.06.2025 21:00;0
243240;18.06.2025 22:00;0
243300;18.06.2025 23:00;0
243360;19.06.2025 00:00;0
243420;19.06.2025 01:00;0
243480;19.06.2025 02:00;0
243540;19.06.2025 03:00;0
243600;19.06.2025 04:00;0
243660;19.06.2025 05:00;0
243720;19.06.2025 06:00;0
243780;19.06.2025 07:00;0
243840;19.06.2025 08:00;10
243900;19.06.2025 09:00;0
243960;19.06.2025 10:00;0
244020;19.06.2025 11:00;0
244080;19.06.2025 12:00;0
244140;19.06.2025 13:00;0
244200;19.06.2025 14:00;0
244260;19.06.2025 15:00;10.45003494066895
244320;19.06.2025 16:00;0
244380;19.06.2025 17:00;0
244440;19.06.2025 18:00;20
244500;19.06.2025 19:00;0
244560;19.06.2025 20:00;0
244620;19.06.2025 21:00;0
244680;19.06.2025 22:00;0
244740;19.06.2025 23:00;0
244800;20.06.2025 00:00;0
244860;20.06.2025 01:00;0
244920;20.06.2025 02:00;0
244980;20.06.2025 03:00;0
245040;20.06.2025 04:00;0
245100;20.06.2025 05:00;10
245160;20.06.2025 06:00;0
245220;20.06.2025 07:00;0
245280;20.06.2025 08:00;0
245340;20.06.2025 09:00;0
245400;20.06.2025 10:00;0
245460;20.06.2025 11:00;0
245520;20.06.2025 12:00;0
245580;20.06.2025 13:00;0
245640;20.06.2025 14:00;0
245700;20.06.2025 15:00;0
245760;20.06.2025 16:00;0
245820;20.06.2025 17:00;10
245880;20.06.2025 18:00;0
245940;20.06.2025 19:00;0
246000;20.06.2025 20:00;0
246060;20.06.2025 21:00;0
246120;20.06.2025 22:00;0
246180;20.06.2025 23:00;0
246240;21.06.2025 00:00;0
246300;21.06.2025 01:00;0
246360;21.06.2025 02:00;0
246420;21.06.2025 03:00;0
246480;21.06.2025 04:00;0
246540;21.06.2025 05:00;10
246600;21.06.2025 06:00;0
246660;21.06.2025 07:00;0
246720;21.06.2025 08:00;0
246780;21.06.2025 09:00;0
246840;21.06.2025 10:00;0
246900;21.06.2025 11:00;0
246960;21.06.2025 12:00;0
247020;21.06.2025 13:00;0
247080;21.06.2025 14:00;0
247140;21.06.2025 15:00;42.64851078252615
247200;21.06.2025 16:00;0
247260;21.06.2025 17:00;0
247320;21.06.2025 18:00;0
247380;21.06.2025 19:00;0
247440;21.06.2025 20:00;0
247500;21.06.2025 21:00;0
247560;21.06.2025 22:00;0
247620;21.06.2025 23:00;0
247680;22.06.2025 00:00;0
247740;22.06.2025 01:00;0
247800;22.06.2025 02:00;0
247860;22.06.2025 03:00;0
247920;22.06.2025 04:00;10
247980;22.06.2025 05:00;0
248040;22.06.2025 06:00;0
248100;22.06.2025 07:00;0
248160;22.06.2025 08:00;0
248220;22.06.2025 09:00;0
248280;22.06.2025 10:00;55
248340;22.06.2025 11:00;10
248400;22.06.2025 12:00;0
248460;22.06.2025 13:00;0
248520;22.06.2025 14:00;0
248580;22.06.2025 15:00;0
248640;22.06.2025 16:00;0
248700;22.06.2025 17:00;0
248760;22.06.2025 18:00;0
248820;22.06.2025 19:00;20
248880;22.06.2025 20:00;0
248940;22.06.2025 21:00;0
249000;22.06.2025 22:00;0
249060;22.06.2025 23:00;0
249120;23.06.2025 00:00;0
249180;23.06.2025 01:00;0
249240;23.06.2025 02:00;0
249300;23.06.2025 03:00;0
249360;23.06.2025 04:00;0
249420;23.06.2025 05:00;0
249480;23.06.2025 06:00;0
249540;23.06.2025 07:00;10
249600;23.06.2025 08:00;0
249660;23.06.2025 09:00;0
249720;23.06.2025 10:00;0
249780;23.06.2025 11:00;0
249840;23.06.2025 12:00;0
249900;23.06.2025 13:00;0
249960;23.06.2025 14:00;0
250020;23.06.2025 15:00;0
250080;23.06.2025 16:00;0
250140;23.06.2025 17:00;0
250200;23.06.2025 18:00;0
250260;23.06.2025 19:00;0
250320;23.06.2025 20:00;30.00947762140135
250380;23.06.2025 21:00;0
250440;23.06.2025 22:00;0
250500;23.06.2025 23:00;0
250560;24.06.2025 00:00;0
250620;24.06.2025 01:00;0
250680;24.06.2025 02:00;0
250740;24.06.2025 03:00;0
250800;24.06.2025 04:00;0
250860;24.06.2025 05:00;0
250920;24.06.2025 06:00;0
250980;24.06.2025 07:00;0
251040;24.06.2025 08:00;10
251100;24.06.2025 09:00;0
251160;24.06.2025 10:00;0
251220;24.06.2025 11:00;0
251280;24.06.2025 12:00;0
251340;24.06.2025 13:00;0
251400;24.06.2025 14:00;0
251460;24.06.2025 15:00;0
251520;24.06.2025 16:00;0
251580;24.06.2025 17:00;20
251640;24.06.2025 18:00;0
251700;24.06.2025 19:00;0
251760;24.06.2025 20:00;0
251820;24.06.2025 21:00;0
251880;24.06.2025 22:00;0
251940;24.06.2025 23:00;0
252000;25.06.2025 00:00;0
252060;25.06.2025 01:00;0
252120;25.06.2025 02:00;0
252180;25.06.2025 03:00;0
252240;25.06.2025 04:00;0
252300;25.06.2025 05:00;0
252360;25.06.2025 06:00;0
252420;25.06.2025 07:00;0
252480;25.06.2025 08:00;10.010511078466225
252540;25.06.2025 09:00;0
252600;25.06.2025 10:00;0
252660;25.06.2025 11:00;20
252720;25.06.2025 12:00;0
252780;25.06.2025 13:00;19.104877359656015
252840;25.06.2025 14:00;0
252900;25.06.2025 15:00;0
252960;25.06.2025 16:00;20
253020;25.06.2025 17:00;0
253080;25.06.2025 18:00;0
253140;25.06.2025 19:00;0
253200;25.06.2025 20:00;0
253260;25.06.2025 21:00;18.89397631982993
253320;25.06.2025 22:00;0
253380;25.06.2025 23:00;0
253440;26.06.2025 00:00;0
253500;26.06.2025 01:00;0
253560;26.06.2025 02:00;0
253620;26.06.2025 03:00;0
253680;26.06.2025 04:00;0
253740;26.06.2025 05:00;10
253800;26.06.2025 06:00;0
253860;26.06.2025 07:00;0
253920;26.06.2025 08:00;0
253980;26.06.2025 09:00;10.139844229240879
254040;26.06.2025 10:00;0
254100;26.06.2025 11:00;0
254160;26.06.2025 12:00;0
254220;26.06.2025 13:00;29.80920346421854
254280;26.06.2025 14:00;0
254340;26.06.2025 15:00;0
254400;26.06.2025 16:00;0
254460;26.06.2025 17:00;11.14515292525525
254520;26.06.2025 18:00;0
254580;26.06.2025 19:00;0
254640;26.06.2025 20:00;0
254700;26.06.2025 21:00;0
254760;26.06.2025 22:00;0
254820;26.06.2025 23:00;0
254880;27.06.2025 00:00;0
254940;27.06.2025 01:00;0
255000;27.06.2025 02:00;0
255060;27.06.2025 03:00;0
255120;27.06.2025 04:00;0
255180;27.06.2025 05:00;0
255240;27.06.2025 06:00;20
255300;27.06.2025 07:00;0
255360;27.06.2025 08:00;10.317117855910446
255420;27.06.2025 09:00;0
255480;27.06.2025 10:00;0
255540;27.06.2025 11:00;0
255600;27.06.2025 12:00;10
255660;27.06.2025 13:00;0
255720;27.06.2025 14:00;0
255780;27.06.2025 15:00;0
255840;27.06.2025 16:00;0
255900;27.06.2025 17:00;0
255960;27.06.2025 18:00;18.515102318636163
256020;27.06.2025 19:00;0
256080;27.06.2025 20:00;0
256140;27.06.2025 21:00;20
256200;27.06.2025 22:00;0
256260;27.06.2025 23:00;0
256320;28.06.2025 00:00;0
256380;28.06.2025 01:00;0
256440;28.06.2025 02:00;0
256500;28.06.2025 03:00;0
256560;28.06.2025 04:00;0
256620;28.06.2025 05:00;0
256680;28.06.2025 06:00;0
256740;28.06.2025 07:00;0
256800;28.06.2025 08:00;8.719389500654401
256860;28.06.2025 09:00;10
256920;28.06.2025 10:00;0
256980;28.06.2025 11:00;11.535886679017848
257040;28.06.2025 12:00;0
257100;28.06.2025 13:00;0
257160;28.06.2025 14:00;0
257220;28.06.2025 15:00;0
257280;28.06.2025 16:00;0
257340;28.06.2025 17:00;0
257400;28.06.2025 18:00;10
257460;28.06.2025 19:00;10.36905609939173
257520;28.06.2025 20:00;0
257580;28.06.2025 21:00;0
257640;28.06.2025 22:00;0
257700;28.06.2025 23:00;0
257760;29.06.2025 00:00;0
257820;29.06.2025 01:00;0
257880;29.06.2025 02:00;0
257940;29.06.2025 03:00;0
258000;29.06.2025 04:00;0
258060;29.06.2025 05:00;0
258120;29.06.2025 06:00;0
258180;29.06.2025 07:00;0
258240;29.06.2025 08:00;10
258300;29.06.2025 09:00;0
258360;29.06.2025 10:00;0
258420;29.06.2025 11:00;21.44664177937758
258480;29.06.2025 12:00;0
258540;29.06.2025 13:00;0
258600;29.06.2025 14:00;0
258660;29.06.2025 15:00;0
258720;29.06.2025 16:00;0
258780;29.06.2025 17:00;0
258840;29.06.2025 18:00;20
258900;29.06.2025 19:00;0
258960;29.06.2025 20:00;0
259020;29.06.2025 21:00;0
259080;29.06.2025 22:00;0
259140;29.06.2025 23:00;0
259200;30.06.2025 00:00;0
259260;30.06.2025 01:00;0
259320;30.06.2025 02:00;0
259380;30.06.2025 03:00;0
259440;30.06.2025 04:00;21.223174611576603
259500;30.06.2025 05:00;0
259560;30.06.2025 06:00;20
259620;30.06.2025 07:00;0
259680;30.06.2025 08:00;0
259740;30.06.2025 09:00;0
259800;30.06.2025 10:00;0
259860;30.06.2025 11:00;10.540475917331527
259920;30.06.2025 12:00;0
259980;30.06.2025 13:00;0
260040;30.06.2025 14:00;18.846655740378544
260100;30.06.2025 15:00;20
260160;30.06.2025 16:00;0
260220;30.06.2025 17:00;0
260280;30.06.2025 18:00;0
260340;30.06.2025 19:00;0
260400;30.06.2025 20:00;0
260460;30.06.2025 21:00;0
260520;30.06.2025 22:00;0
260580;30.06.2025 23:00;0
260640;01.07.2025 00:00;0
260700;01.07.2025 01:00;0
260760;01.07.2025 02:00;0
260820;01.07.2025 03:00;0
260880;01.07.2025 04:00;10
260940;01.07.2025 05:00;0
261000;01.07.2025 06:00;0
261060;01.07.2025 07:00;10.223388666891038
261120;01.07.2025 08:00;0
261180;01.07.2025 09:00;0
261240;01.07.2025 10:00;0
261300;01.07.2025 11:00;20
261360;01.07.2025 12:00;0
261420;01.07.2025 13:00;0
261480;01.07.2025 14:00;0
261540;01.07.2025 15:00;0
261600;01.07.2025 16:00;0
261660;01.07.2025 17:00;20.697761458751607
261720;01.07.2025 18:00;0
261780;01.07.2025 19:00;20
261840;01.07.2025 20:00;0
261900;01.07.2025 21:00;0
261960;01.07.2025 22:00;0
262020;01.07.2025 23:00;0
262080;02.07.2025 00:00;0
262140;02.07.2025 01:00;0
262200;02.07.2025 02:00;0
262260;02.07.2025 03:00;0
262320;02.07.2025 04:00;0
262380;02.07.2025 05:00;0
262440;02.07.2025 06:00;0
262500;02.07.2025 07:00;29.185065753580403
262560;02.07.2025 08:00;0
262620;02.07.2025 09:00;0
262680;02.07.2025 10:00;0
262740;02.07.2025 11:00;9.869631802943147
262800;02.07.2025 12:00;0
262860;02.07.2025 13:00;0
262920;02.07.2025 14:00;0
262980;02.07.2025 15:00;10
263040;02.07.2025 16:00;0
263100;02.07.2025 17:00;20.367655955025935
263160;02.07.2025 18:00;0
263220;02.07.2025 19:00;0
263280;02.07.2025 20:00;0
263340;02.07.2025 21:00;0
263400;02.07.2025 22:00;0
263460;02.07.2025 23:00;0
263520;03.07.2025 00:00;0
263580;03.07.2025 01:00;0
263640;03.07.2025 02:00;0
263700;03.07.2025 03:00;0
263760;03.07.2025 04:00;20
263820;03.07.2025 05:00;0
263880;03.07.2025 06:00;0
263940;03.07.2025 07:00;9.370756983328764
264000;03.07.2025 08:00;0
264060;03.07.2025 09:00;0
264120;03.07.2025 10:00;0
264180;03.07.2025 11:00;20
264240;03.07.2025 12:00;0
264300;03.07.2025 13:00;0
264360;03.07.2025 14:00;0
264420;03.07.2025 15:00;0
264480;03.07.2025 16:00;0
264540;03.07.2025 17:00;9.20900713408231
264600;03.07.2025 18:00;0
264660;03.07.2025 19:00;0
264720;03.07.2025 20:00;10
264780;03.07.2025 21:00;0
264840;03.07.2025 22:00;0
264900;03.07.2025 23:00;0
264960;04.07.2025 00:00;0
265020;04.07.2025 01:00;0
265080;04.07.2025 02:00;0
265140;04.07.2025 03:00;0
265200;04.07.2025 04:00;0
265260;04.07.2025 05:00;0
265320;04.07.2025 06:00;0
265380;04.07.2025 07:00;0
265440;04.07.2025 08:00;40.06325762219477
265500;04.07.2025 09:00;0
265560;04.07.2025 10:00;0
265620;04.07.2025 11:00;9.969407225236726
265680;04.07.2025 12:00;0
265740;04.07.2025 13:00;0
265800;04.07.2025 14:00;0
265860;04.07.2025 15:00;0
265920;04.07.2025 16:00;0
265980;04.07.2025 17:00;38.100611675836205
266040;04.07.2025 18:00;0
266100;04.07.2025 19:00;0
266160;04.07.2025 20:00;0
266220;04.07.2025 21:00;0
266280;04.07.2025 22:00;0
266340;04.07.2025 23:00;0
266400;05.07.2025 00:00;0
266460;05.07.2025 01:00;0
266520;05.07.2025 02:00;0
266580;05.07.2025 03:00;0
266640;05.07.2025 04:00;0
266700;05.07.2025 05:00;0
266760;05.07.2025 06:00;0
266820;05.07.2025 07:00;0
266880;05.07.2025 08:00;0
266940;05.07.2025 09:00;0
267000;05.07.2025 10:00;0
267060;05.07.2025 11:00;0
267120;05.07.2025 12:00;60
267180;05.07.2025 13:00;0
267240;05.07.2025 14:00;0
267300;05.07.2025 15:00;0
267360;05.07.2025 16:00;0
267420;05.07.2025 17:00;0
267480;05.07.2025 18:00;0
267540;05.07.2025 19:00;65
267600;05.07.2025 20:00;10
267660;05.07.2025 21:00;0
267720;05.07.2025 22:00;0
267780;05.07.2025 23:00;0
267840;06.07.2025 00:00;0
267900;06.07.2025 01:00;0
267960;06.07.2025 02:00;0
268020;06.07.2025 03:00;0
268080;06.07.2025 04:00;0
268140;06.07.2025 05:00;0
268200;06.07.2025 06:00;0
268260;06.07.2025 07:00;20
268320;06.07.2025 08:00;0
268380;06.07.2025 09:00;0
268440;06.07.2025 10:00;0
268500;06.07.2025 11:00;0
268560;06.07.2025 12:00;0
268620;06.07.2025 13:00;0
268680;06.07.2025 14:00;0
268740;06.07.2025 15:00;0
268800;06.07.2025 16:00;19.703285906521263
268860;06.07.2025 17:00;0
268920;06.07.2025 18:00;0
268980;06.07.2025 19:00;0
269040;06.07.2025 20:00;0
269100;06.07.2025 21:00;0
269160;06.07.2025 22:00;0
269220;06.07.2025 23:00;0
269280;07.07.2025 00:00;0
269340;07.07.2025 01:00;0
269400;07.07.2025 02:00;0
269460;07.07.2025 03:00;0
269520;07.07.2025 04:00;0
269580;07.07.2025 05:00;10
269640;07.07.2025 06:00;0
269700;07.07.2025 07:00;0
269760;07.07.2025 08:00;0
269820;07.07.2025 09:00;0
269880;07.07.2025 10:00;0
269940;07.07.2025 11:00;0
270000;07.07.2025 12:00;0
270060;07.07.2025 13:00;0
270120;07.07.2025 14:00;0
270180;07.07.2025 15:00;0
270240;07.07.2025 16:00;0
270300;07.07.2025 17:00;20
270360;07.07.2025 18:00;0
270420;07.07.2025 19:00;0
270480;07.07.2025 20:00;0
270540;07.07.2025 21:00;0
270600;07.07.2025 22:00;0
270660;07.07.2025 23:00;0
270720;08.07.2025 00:00;0
270780;08.07.2025 01:00;0
270840;08.07.2025 02:00;0
270900;08.07.2025 03:00;0
270960;08.07.2025 04:00;10
271020;08.07.2025 05:00;0
271080;08.07.2025 06:00;0
271140;08.07.2025 07:00;0
271200;08.07.2025 08:00;0
271260;08.07.2025 09:00;0
271320;08.07.2025 10:00;0
271380;08.07.2025 11:00;9.192099230884306
271440;08.07.2025 12:00;10
271500;08.07.2025 13:00;0
271560;08.07.2025 14:00;0
271620;08.07.2025 15:00;0
271680;08.07.2025 16:00;0
271740;08.07.2025 17:00;0
271800;08.07.2025 18:00;0
271860;08.07.2025 19:00;0
271920;08.07.2025 20:00;0
271980;08.07.2025 21:00;0
272040;08.07.2025 22:00;0
272100;08.07.2025 23:00;0
272160;09.07.2025 00:00;0
272220;09.07.2025 01:00;0
272280;09.07.2025 02:00;0
272340;09.07.2025 03:00;10
272400;09.07.2025 04:00;0
272460;09.07.2025 05:00;0
272520;09.07.2025 06:00;0
272580;09.07.2025 07:00;0
272640;09.07.2025 08:00;0
272700;09.07.2025 09:00;50
272760;09.07.2025 10:00;0
272820;09.07.2025 11:00;0
272880;09.07.2025 12:00;20
272940;09.07.2025 13:00;0
273000;09.07.2025 14:00;0
273060;09.07.2025 15:00;0
273120;09.07.2025 16:00;0
273180;09.07.2025 17:00;0
273240;09.07.2025 18:00;0
273300;09.07.2025 19:00;0
273360;09.07.2025 20:00;0
273420;09.07.2025 21:00;0
273480;09.07.2025 22:00;0
273540;09.07.2025 23:00;0
273600;10.07.2025 00:00;0
273660;10.07.2025 01:00;0
273720;10.07.2025 02:00;0
273780;10.07.2025 03:00;0
273840;10.07.2025 04:00;20
273900;10.07.2025 05:00;0
273960;10.07.2025 06:00;0
274020;10.07.2025 07:00;0
274080;10.07.2025 08:00;0
274140;10.07.2025 09:00;50
274200;10.07.2025 10:00;0
274260;10.07.2025 11:00;0
274320;10.07.2025 12:00;20.128457360191035
274380;10.07.2025 13:00;0
274440;10.07.2025 14:00;0
274500;10.07.2025 15:00;0
274560;10.07.2025 16:00;0
274620;10.07.2025 17:00;0
274680;10.07.2025 18:00;0
274740;10.07.2025 19:00;0
274800;10.07.2025 20:00;0
274860;10.07.2025 21:00;10
274920;10.07.2025 22:00;0
274980;10.07.2025 23:00;0
275040;11.07.2025 00:00;0
275100;11.07.2025 01:00;0
275160;11.07.2025 02:00;0
275220;11.07.2025 03:00;0
275280;11.07.2025 04:00;0
275340;11.07.2025 05:00;0
275400;11.07.2025 06:00;0
275460;11.07.2025 07:00;0
275520;11.07.2025 08:00;20
275580;11.07.2025 09:00;0
275640;11.07.2025 10:00;0
275700;11.07.2025 11:00;0
275760;11.07.2025 12:00;0
275820;11.07.2025 13:00;0
275880;11.07.2025 14:00;0
275940;11.07.2025 15:00;0
276000;11.07.2025 16:00;0
276060;11.07.2025 17:00;0
276120;11.07.2025 18:00;0
276180;11.07.2025 19:00;0
276240;11.07.2025 20:00;20
276300;11.07.2025 21:00;0
276360;11.07.2025 22:00;0
276420;11.07.2025 23:00;0
276480;12.07.2025 00:00;0
276540;12.07.2025 01:00;0
276600;12.07.2025 02:00;0
276660;12.07.2025 03:00;0
276720;12.07.2025 04:00;0
276780;12.07.2025 05:00;0
276840;12.07.2025 06:00;0
276900;12.07.2025 07:00;0
276960;12.07.2025 08:00;20
277020;12.07.2025 09:00;0
277080;12.07.2025 10:00;0
277140;12.07.2025 11:00;0
277200;12.07.2025 12:00;0
277260;12.07.2025 13:00;0
277320;12.07.2025 14:00;13.046422960856345
277380;12.07.2025 15:00;0
277440;12.07.2025 16:00;20
277500;12.07.2025 17:00;0
277560;12.07.2025 18:00;0
277620;12.07.2025 19:00;0
277680;12.07.2025 20:00;0
277740;12.07.2025 21:00;0
277800;12.07.2025 22:00;0
277860;12.07.2025 23:00;0
277920;13.07.2025 00:00;0
277980;13.07.2025 01:00;0
278040;13.07.2025 02:00;0
278100;13.07.2025 03:00;0
278160;13.07.2025 04:00;0
278220;13.07.2025 05:00;10
278280;13.07.2025 06:00;0
278340;13.07.2025 07:00;0
278400;13.07.2025 08:00;0
278460;13.07.2025 09:00;0
278520;13.07.2025 10:00;0
278580;13.07.2025 11:00;0
278640;13.07.2025 12:00;0
278700;13.07.2025 13:00;10
278760;13.07.2025 14:00;0
278820;13.07.2025 15:00;0
278880;13.07.2025 16:00;0
278940;13.07.2025 17:00;0
279000;13.07.2025 18:00;0
279060;13.07.2025 19:00;0
279120;13.07.2025 20:00;0
279180;13.07.2025 21:00;0
279240;13.07.2025 22:00;0
279300;13.07.2025 23:00;0
279360;14.07.2025 00:00;0
279420;14.07.2025 01:00;0
279480;14.07.2025 02:00;0
279540;14.07.2025 03:00;10
279600;14.07.2025 04:00;0
279660;14.07.2025 05:00;0
279720;14.07.2025 06:00;0
279780;14.07.2025 07:00;0
279840;14.07.2025 08:00;0
279900;14.07.2025 09:00;55
279960;14.07.2025 10:00;0
280020;14.07.2025 11:00;0
280080;14.07.2025 12:00;0
280140;14.07.2025 13:00;10
280200;14.07.2025 14:00;0
280260;14.07.2025 15:00;0
280320;14.07.2025 16:00;0
280380;14.07.2025 17:00;0
280440;14.07.2025 18:00;0
280500;14.07.2025 19:00;0
280560;14.07.2025 20:00;9.403690651491026
280620;14.07.2025 21:00;0
280680;14.07.2025 22:00;0
280740;14.07.2025 23:00;0
280800;15.07.2025 00:00;0
280860;15.07.2025 01:00;0
280920;15.07.2025 02:00;0
280980;15.07.2025 03:00;0
281040;15.07.2025 04:00;0
281100;15.07.2025 05:00;20
281160;15.07.2025 06:00;0
281220;15.07.2025 07:00;0
281280;15.07.2025 08:00;0
281340;15.07.2025 09:00;0
281400;15.07.2025 10:00;0
281460;15.07.2025 11:00;0
281520;15.07.2025 12:00;0
281580;15.07.2025 13:00;20
281640;15.07.2025 14:00;0
281700;15.07.2025 15:00;0
281760;15.07.2025 16:00;0
281820;15.07.2025 17:00;0
281880;15.07.2025 18:00;0
281940;15.07.2025 19:00;0
282000;15.07.2025 20:00;0
282060;15.07.2025 21:00;0
282120;15.07.2025 22:00;0
282180;15.07.2025 23:00;0
282240;16.07.2025 00:00;0
282300;16.07.2025 01:00;0
282360;16.07.2025 02:00;0
282420;16.07.2025 03:00;0
282480;16.07.2025 04:00;0
282540;16.07.2025 05:00;20
282600;16.07.2025 06:00;0
282660;16.07.2025 07:00;0
282720;16.07.2025 08:00;0
282780;16.07.2025 09:00;0
282840;16.07.2025 10:00;0
282900;16.07.2025 11:00;0
282960;16.07.2025 12:00;0
283020;16.07.2025 13:00;0
283080;16.07.2025 14:00;0
283140;16.07.2025 15:00;0
283200;16.07.2025 16:00;0
283260;16.07.2025 17:00;0
283320;16.07.2025 18:00;41.02024193554989
283380;16.07.2025 19:00;0
283440;16.07.2025 20:00;0
283500;16.07.2025 21:00;0
283560;16.07.2025 22:00;0
283620;16.07.2025 23:00;0
283680;17.07.2025 00:00;0
283740;17.07.2025 01:00;0
283800;17.07.2025 02:00;0
283860;17.07.2025 03:00;0
283920;17.07.2025 04:00;0
283980;17.07.2025 05:00;20
284040;17.07.2025 06:00;0
284100;17.07.2025 07:00;0
284160;17.07.2025 08:00;0
284220;17.07.2025 09:00;0
284280;17.07.2025 10:00;0
284340;17.07.2025 11:00;0
284400;17.07.2025 12:00;0
284460;17.07.2025 13:00;0
284520;17.07.2025 14:00;20
284580;17.07.2025 15:00;0
284640;17.07.2025 16:00;0
284700;17.07.2025 17:00;0
284760;17.07.2025 18:00;0
284820;17.07.2025 19:00;0
284880;17.07.2025 20:00;0
284940;17.07.2025 21:00;0
285000;17.07.2025 22:00;0
285060;17.07.2025 23:00;0
285120;18.07.2025 00:00;0
285180;18.07.2025 01:00;0
285240;18.07.2025 02:00;0
285300;18.07.2025 03:00;0
285360;18.07.2025 04:00;10
285420;18.07.2025 05:00;0
285480;18.07.2025 06:00;0
285540;18.07.2025 07:00;0
285600;18.07.2025 08:00;0
285660;18.07.2025 09:00;0
285720;18.07.2025 10:00;0
285780;18.07.2025 11:00;0
285840;18.07.2025 12:00;0
285900;18.07.2025 13:00;10.758674407330624
285960;18.07.2025 14:00;10
286020;18.07.2025 15:00;0
286080;18.07.2025 16:00;0
286140;18.07.2025 17:00;0
286200;18.07.2025 18:00;0
286260;18.07.2025 19:00;0
286320;18.07.2025 20:00;0
286380;18.07.2025 21:00;0
286440;18.07.2025 22:00;0
286500;18.07.2025 23:00;0
286560;19.07.2025 00:00;0
286620;19.07.2025 01:00;0
286680;19.07.2025 02:00;0
286740;19.07.2025 03:00;0
286800;19.07.2025 04:00;0
286860;19.07.2025 05:00;0
286920;19.07.2025 06:00;0
286980;19.07.2025 07:00;20
287040;19.07.2025 08:00;0
287100;19.07.2025 09:00;0
287160;19.07.2025 10:00;0
287220;19.07.2025 11:00;0
287280;19.07.2025 12:00;0
287340;19.07.2025 13:00;0
287400;19.07.2025 14:00;0
287460;19.07.2025 15:00;0
287520;19.07.2025 16:00;10
287580;19.07.2025 17:00;0
287640;19.07.2025 18:00;0
287700;19.07.2025 19:00;0
287760;19.07.2025 20:00;0
287820;19.07.2025 21:00;0
287880;19.07.2025 22:00;0
287940;19.07.2025 23:00;0
288000;20.07.2025 00:00;0
288060;20.07.2025 01:00;0
288120;20.07.2025 02:00;0
288180;20.07.2025 03:00;0
288240;20.07.2025 04:00;0
288300;20.07.2025 05:00;20
288360;20.07.2025 06:00;0
288420;20.07.2025 07:00;0
288480;20.07.2025 08:00;0
288540;20.07.2025 09:00;60
288600;20.07.2025 10:00;0
288660;20.07.2025 11:00;0
288720;20.07.2025 12:00;21.087088141664083
288780;20.07.2025 13:00;10
288840;20.07.2025 14:00;0
288900;20.07.2025 15:00;0
288960;20.07.2025 16:00;0
289020;20.07.2025 17:00;0
289080;20.07.2025 18:00;0
289140;20.07.2025 19:00;0
289200;20.07.2025 20:00;0
289260;20.07.2025 21:00;20
289320;20.07.2025 22:00;0
289380;20.07.2025 23:00;0
289440;21.07.2025 00:00;0
289500;21.07.2025 01:00;0
289560;21.07.2025 02:00;0
289620;21.07.2025 03:00;0
289680;21.07.2025 04:00;0
289740;21.07.2025 05:00;0
289800;21.07.2025 06:00;0
289860;21.07.2025 07:00;0
289920;21.07.2025 08:00;0
289980;21.07.2025 09:00;0
290040;21.07.2025 10:00;20
290100;21.07.2025 11:00;0
290160;21.07.2025 12:00;0
290220;21.07.2025 13:00;0
290280;21.07.2025 14:00;0
290340;21.07.2025 15:00;0
290400;21.07.2025 16:00;0
290460;21.07.2025 17:00;0
290520;21.07.2025 18:00;0
290580;21.07.2025 19:00;0
290640;21.07.2025 20:00;10
290700;21.07.2025 21:00;0
290760;21.07.2025 22:00;0
290820;21.07.2025 23:00;0
290880;22.07.2025 00:00;0
290940;22.07.2025 01:00;0
291000;22.07.2025 02:00;0
291060;22.07.2025 03:00;0
291120;22.07.2025 04:00;0
291180;22.07.2025 05:00;0
291240;22.07.2025 06:00;0
291300;22.07.2025 07:00;0
291360;22.07.2025 08:00;10
291420;22.07.2025 09:00;0
291480;22.07.2025 10:00;0
291540;22.07.2025 11:00;0
291600;22.07.2025 12:00;0
291660;22.07.2025 13:00;0
291720;22.07.2025 14:00;10.603328399063468
291780;22.07.2025 15:00;0
291840;22.07.2025 16:00;0
291900;22.07.2025 17:00;0
291960;22.07.2025 18:00;0
292020;22.07.2025 19:00;0
292080;22.07.2025 20:00;20
292140;22.07.2025 21:00;0
292200;22.07.2025 22:00;0
292260;22.07.2025 23:00;0
292320;23.07.2025 00:00;0
292380;23.07.2025 01:00;0
292440;23.07.2025 02:00;0
292500;23.07.2025 03:00;0
292560;23.07.2025 04:00;0
292620;23.07.2025 05:00;0
292680;23.07.2025 06:00;0
292740;23.07.2025 07:00;20
292800;23.07.2025 08:00;0
292860;23.07.2025 09:00;0
292920;23.07.2025 10:00;0
292980;23.07.2025 11:00;0
293040;23.07.2025 12:00;0
293100;23.07.2025 13:00;0
293160;23.07.2025 14:00;0
293220;23.07.2025 15:00;0
293280;23.07.2025 16:00;0
293340;23.07.2025 17:00;0
293400;23.07.2025 18:00;0
293460;23.07.2025 19:00;0
293520;23.07.2025 20:00;10
293580;23.07.2025 21:00;0
293640;23.07.2025 22:00;0
293700;23.07.2025 23:00;0
293760;24.07.2025 00:00;0
293820;24.07.2025 01:00;0
293880;24.07.2025 02:00;0
293940;24.07.2025 03:00;0
294000;24.07.2025 04:00;0
294060;24.07.2025 05:00;0
294120;24.07.2025 06:00;0
294180;24.07.2025 07:00;0
294240;24.07.2025 08:00;20
294300;24.07.2025 09:00;0
294360;24.07.2025 10:00;0
294420;24.07.2025 11:00;0
294480;24.07.2025 12:00;0
294540;24.07.2025 13:00;0
294600;24.07.2025 14:00;9.960870106699684
294660;24.07.2025 15:00;0
294720;24.07.2025 16:00;0
294780;24.07.2025 17:00;10
294840;24.07.2025 18:00;0
294900;24.07.2025 19:00;0
294960;24.07.2025 20:00;0
295020;24.07.2025 21:00;0
295080;24.07.2025 22:00;0
295140;24.07.2025 23:00;0
295200;25.07.2025 00:00;0
295260;25.07.2025 01:00;0
295320;25.07.2025 02:00;0
295380;25.07.2025 03:00;0
295440;25.07.2025 04:00;0
295500;25.07.2025 05:00;20
295560;25.07.2025 06:00;0
295620;25.07.2025 07:00;0
295680;25.07.2025 08:00;55
295740;25.07.2025 09:00;0
295800;25.07.2025 10:00;0
295860;25.07.2025 11:00;0
295920;25.07.2025 12:00;0
295980;25.07.2025 13:00;0
296040;25.07.2025 14:00;0
296100;25.07.2025 15:00;0
296160;25.07.2025 16:00;0
296220;25.07.2025 17:00;10
296280;25.07.2025 18:00;0
296340;25.07.2025 19:00;0
296400;25.07.2025 20:00;0
296460;25.07.2025 21:00;0
296520;25.07.2025 22:00;0
296580;25.07.2025 23:00;0
296640;26.07.2025 00:00;0
296700;26.07.2025 01:00;0
296760;26.07.2025 02:00;0
296820;26.07.2025 03:00;0
296880;26.07.2025 04:00;0
296940;26.07.2025 05:00;10
297000;26.07.2025 06:00;0
297060;26.07.2025 07:00;0
297120;26.07.2025 08:00;0
297180;26.07.2025 09:00;0
297240;26.07.2025 10:00;0
297300;26.07.2025 11:00;0
297360;26.07.2025 12:00;21.77993609255573
297420;26.07.2025 13:00;0
297480;26.07.2025 14:00;0
297540;26.07.2025 15:00;0
297600;26.07.2025 16:00;0
297660;26.07.2025 17:00;0
297720;26.07.2025 18:00;0
297780;26.07.2025 19:00;0
297840;26.07.2025 20:00;0
297900;26.07.2025 21:00;0
297960;26.07.2025 22:00;0
298020;26.07.2025 23:00;0
298080;27.07.2025 00:00;0
298140;27.07.2025 01:00;0
298200;27.07.2025 02:00;0
298260;27.07.2025 03:00;0
298320;27.07.2025 04:00;10
298380;27.07.2025 05:00;0
298440;27.07.2025 06:00;0
298500;27.07.2025 07:00;0
298560;27.07.2025 08:00;0
298620;27.07.2025 09:00;0
298680;27.07.2025 10:00;0
298740;27.07.2025 11:00;0
298800;27.07.2025 12:00;0
298860;27.07.2025 13:00;10
298920;27.07.2025 14:00;0
298980;27.07.2025 15:00;0
299040;27.07.2025 16:00;0
299100;27.07.2025 17:00;0
299160;27.07.2025 18:00;0
299220;27.07.2025 19:00;0
299280;27.07.2025 20:00;0
299340;27.07.2025 21:00;10
299400;27.07.2025 22:00;0
299460;27.07.2025 23:00;0
299520;28.07.2025 00:00;0
299580;28.07.2025 01:00;0
299640;28.07.2025 02:00;0
299700;28.07.2025 03:00;0
299760;28.07.2025 04:00;0
299820;28.07.2025 05:00;0
299880;28.07.2025 06:00;0
299940;28.07.2025 07:00;0
300000;28.07.2025 08:00;0
300060;28.07.2025 09:00;0
300120;28.07.2025 10:00;0
300180;28.07.2025 11:00;10
300240;28.07.2025 12:00;0
300300;28.07.2025 13:00;0
300360;28.07.2025 14:00;0
300420;28.07.2025 15:00;0
300480;28.07.2025 16:00;0
300540;28.07.2025 17:00;0
300600;28.07.2025 18:00;0
300660;28.07.2025 19:00;0
300720;28.07.2025 20:00;0
300780;28.07.2025 21:00;20.787401174818378
300840;28.07.2025 22:00;0
300900;28.07.2025 23:00;0
300960;29.07.2025 00:00;0
301020;29.07.2025 01:00;0
301080;29.07.2025 02:00;0
301140;29.07.2025 03:00;10
301200;29.07.2025 04:00;0
301260;29.07.2025 05:00;0
301320;29.07.2025 06:00;0
301380;29.07.2025 07:00;0
301440;29.07.2025 08:00;0
301500;29.07.2025 09:00;0
301560;29.07.2025 10:00;10
301620;29.07.2025 11:00;0
301680;29.07.2025 12:00;0
301740;29.07.2025 13:00;0
301800;29.07.2025 14:00;0
301860;29.07.2025 15:00;0
301920;29.07.2025 16:00;0
301980;29.07.2025 17:00;0
302040;29.07.2025 18:00;0
302100;29.07.2025 19:00;0
302160;29.07.2025 20:00;0
302220;29.07.2025 21:00;20
302280;29.07.2025 22:00;0
302340;29.07.2025 23:00;0
302400;30.07.2025 00:00;0
302460;30.07.2025 01:00;0
302520;30.07.2025 02:00;0
302580;30.07.2025 03:00;0
302640;30.07.2025 04:00;0
302700;30.07.2025 05:00;0
302760;30.07.2025 06:00;0
302820;30.07.2025 07:00;0
302880;30.07.2025 08:00;0
302940;30.07.2025 09:00;0
303000;30.07.2025 10:00;0
303060;30.07.2025 11:00;10
303120;30.07.2025 12:00;0
303180;30.07.2025 13:00;0
303240;30.07.2025 14:00;0
303300;30.07.2025 15:00;0
303360;30.07.2025 16:00;0
303420;30.07.2025 17:00;0
303480;30.07.2025 18:00;0
303540;30.07.2025 19:00;18.514672136704256
303600;30.07.2025 20:00;20
303660;30.07.2025 21:00;0
303720;30.07.2025 22:00;0
303780;30.07.2025 23:00;0
303840;31.07.2025 00:00;0
303900;31.07.2025 01:00;0
303960;31.07.2025 02:00;0
304020;31.07.2025 03:00;0
304080;31.07.2025 04:00;0
304140;31.07.2025 05:00;0
304200;31.07.2025 06:00;0
304260;31.07.2025 07:00;0
304320;31.07.2025 08:00;0
304380;31.07.2025 09:00;70
304440;31.07.2025 10:00;0
304500;31.07.2025 11:00;0
304560;31.07.2025 12:00;0
304620;31.07.2025 13:00;0
304680;31.07.2025 14:00;0
304740;31.07.2025 15:00;0
304800;31.07.2025 16:00;0
304860;31.07.2025 17:00;10
304920;31.07.2025 18:00;0
304980;31.07.2025 19:00;0
305040;31.07.2025 20:00;0
305100;31.07.2025 21:00;0
305160;31.07.2025 22:00;0
305220;31.07.2025 23:00;0
305280;01.08.2025 00:00;0
305340;01.08.2025 01:00;0
305400;01.08.2025 02:00;0
305460;01.08.2025 03:00;0
305520;01.08.2025 04:00;0
305580;01.08.2025 05:00;20
305640;01.08.2025 06:00;0
305700;01.08.2025 07:00;0
305760;01.08.2025 08:00;0
305820;01.08.2025 09:00;0
305880;01.08.2025 10:00;0
305940;01.08.2025 11:00;0
306000;01.08.2025 12:00;0
306060;01.08.2025 13:00;0
306120;01.08.2025 14:00;0
306180;01.08.2025 15:00;0
306240;01.08.2025 16:00;0
306300;01.08.2025 17:00;32.22590227750521
306360;01.08.2025 18:00;0
306420;01.08.2025 19:00;0
306480;01.08.2025 20:00;0
306540;01.08.2025 21:00;0
306600;01.08.2025 22:00;0
306660;01.08.2025 23:00;0
306720;02.08.2025 00:00;0
306780;02.08.2025 01:00;0
306840;02.08.2025 02:00;0
306900;02.08.2025 03:00;0
306960;02.08.2025 04:00;0
307020;02.08.2025 05:00;20
307080;02.08.2025 06:00;0
307140;02.08.2025 07:00;0
307200;02.08.2025 08:00;0
307260;02.08.2025 09:00;0
307320;02.08.2025 10:00;0
307380;02.08.2025 11:00;0
307440;02.08.2025 12:00;0
307500;02.08.2025 13:00;0
307560;02.08.2025 14:00;10
307620;02.08.2025 15:00;0
307680;02.08.2025 16:00;0
307740;02.08.2025 17:00;0
307800;02.08.2025 18:00;0
307860;02.08.2025 19:00;0
307920;02.08.2025 20:00;0
307980;02.08.2025 21:00;0
308040;02.08.2025 22:00;0
308100;02.08.2025 23:00;0
308160;03.08.2025 00:00;0
308220;03.08.2025 01:00;0
308280;03.08.2025 02:00;0
308340;03.08.2025 03:00;0
308400;03.08.2025 04:00;20
308460;03.08.2025 05:00;0
308520;03.08.2025 06:00;0
308580;03.08.2025 07:00;0
308640;03.08.2025 08:00;0
308700;03.08.2025 09:00;10
308760;03.08.2025 10:00;45
308820;03.08.2025 11:00;0
308880;03.08.2025 12:00;0
308940;03.08.2025 13:00;30.104605932618142
309000;03.08.2025 14:00;0
309060;03.08.2025 15:00;0
309120;03.08.2025 16:00;0
309180;03.08.2025 17:00;0
309240;03.08.2025 18:00;0
309300;03.08.2025 19:00;0
309360;03.08.2025 20:00;0
309420;03.08.2025 21:00;10
309480;03.08.2025 22:00;0
309540;03.08.2025 23:00;0
309600;04.08.2025 00:00;0
309660;04.08.2025 01:00;0
309720;04.08.2025 02:00;0
309780;04.08.2025 03:00;0
309840;04.08.2025 04:00;0
309900;04.08.2025 05:00;0
309960;04.08.2025 06:00;0
310020;04.08.2025 07:00;0
310080;04.08.2025 08:00;0
310140;04.08.2025 09:00;10
310200;04.08.2025 10:00;0
310260;04.08.2025 11:00;0
310320;04.08.2025 12:00;0
310380;04.08.2025 13:00;0
310440;04.08.2025 14:00;0
310500;04.08.2025 15:00;0
310560;04.08.2025 16:00;0
310620;04.08.2025 17:00;0
310680;04.08.2025 18:00;0
310740;04.08.2025 19:00;0
310800;04.08.2025 20:00;10
310860;04.08.2025 21:00;0
310920;04.08.2025 22:00;0
310980;04.08.2025 23:00;0
311040;05.08.2025 00:00;0
311100;05.08.2025 01:00;0
311160;05.08.2025 02:00;0
311220;05.08.2025 03:00;0
311280;05.08.2025 04:00;0
311340;05.08.2025 05:00;0
311400;05.08.2025 06:00;0
311460;05.08.2025 07:00;0
311520;05.08.2025 08:00;0
311580;05.08.2025 09:00;0
311640;05.08.2025 10:00;10
311700;05.08.2025 11:00;0
311760;05.08.2025 12:00;10.874691528679959
311820;05.08.2025 13:00;0
311880;05.08.2025 14:00;0
311940;05.08.2025 15:00;0
312000;05.08.2025 16:00;0
312060;05.08.2025 17:00;0
312120;05.08.2025 18:00;0
312180;05.08.2025 19:00;0
312240;05.08.2025 20:00;10
312300;05.08.2025 21:00;0
312360;05.08.2025 22:00;0
312420;05.08.2025 23:00;0
312480;06.08.2025 00:00;0
312540;06.08.2025 01:00;0
312600;06.08.2025 02:00;0
312660;06.08.2025 03:00;0
312720;06.08.2025 04:00;0
312780;06.08.2025 05:00;0
312840;06.08.2025 06:00;0
312900;06.08.2025 07:00;0
312960;06.08.2025 08:00;60
313020;06.08.2025 09:00;0
313080;06.08.2025 10:00;0
313140;06.08.2025 11:00;0
313200;06.08.2025 12:00;0
313260;06.08.2025 13:00;0
313320;06.08.2025 14:00;0
313380;06.08.2025 15:00;0
313440;06.08.2025 16:00;0
313500;06.08.2025 17:00;0
313560;06.08.2025 18:00;0
313620;06.08.2025 19:00;10
313680;06.08.2025 20:00;0
313740;06.08.2025 21:00;0
313800;06.08.2025 22:00;0
313860;06.08.2025 23:00;0
313920;07.08.2025 00:00;0
313980;07.08.2025 01:00;0
314040;07.08.2025 02:00;0
314100;07.08.2025 03:00;0
314160;07.08.2025 04:00;0
314220;07.08.2025 05:00;0
314280;07.08.2025 06:00;0
314340;07.08.2025 07:00;20
314400;07.08.2025 08:00;0
314460;07.08.2025 09:00;0
314520;07.08.2025 10:00;0
314580;07.08.2025 11:00;0
314640;07.08.2025 12:00;0
314700;07.08.2025 13:00;0
314760;07.08.2025 14:00;0
314820;07.08.2025 15:00;20.910499673320682
314880;07.08.2025 16:00;20
314940;07.08.2025 17:00;0
315000;07.08.2025 18:00;0
315060;07.08.2025 19:00;0
315120;07.08.2025 20:00;0
315180;07.08.2025 21:00;0
315240;07.08.2025 22:00;0
315300;07.08.2025 23:00;0
315360;08.08.2025 00:00;0
315420;08.08.2025 01:00;0
315480;08.08.2025 02:00;0
315540;08.08.2025 03:00;0
315600;08.08.2025 04:00;0
315660;08.08.2025 05:00;0
315720;08.08.2025 06:00;10
315780;08.08.2025 07:00;0
315840;08.08.2025 08:00;0
315900;08.08.2025 09:00;0
315960;08.08.2025 10:00;0
316020;08.08.2025 11:00;0
316080;08.08.2025 12:00;0
316140;08.08.2025 13:00;0
316200;08.08.2025 14:00;0
316260;08.08.2025 15:00;0
316320;08.08.2025 16:00;0
316380;08.08.2025 17:00;10
316440;08.08.2025 18:00;0
316500;08.08.2025 19:00;0
316560;08.08.2025 20:00;0
316620;08.08.2025 21:00;0
316680;08.08.2025 22:00;0
316740;08.08.2025 23:00;0
316800;09.08.2025 00:00;0
316860;09.08.2025 01:00;0
316920;09.08.2025 02:00;0
316980;09.08.2025 03:00;0
317040;09.08.2025 04:00;0
317100;09.08.2025 05:00;10
317160;09.08.2025 06:00;0
317220;09.08.2025 07:00;0
317280;09.08.2025 08:00;0
317340;09.08.2025 09:00;0
317400;09.08.2025 10:00;0
317460;09.08.2025 11:00;0
317520;09.08.2025 12:00;0
317580;09.08.2025 13:00;20.484765690354106
317640;09.08.2025 14:00;0
317700;09.08.2025 15:00;10
317760;09.08.2025 16:00;0
317820;09.08.2025 17:00;0
317880;09.08.2025 18:00;0
317940;09.08.2025 19:00;0
318000;09.08.2025 20:00;0
318060;09.08.2025 21:00;0
318120;09.08.2025 22:00;0
318180;09.08.2025 23:00;0
318240;10.08.2025 00:00;0
318300;10.08.2025 01:00;0
318360;10.08.2025 02:00;0
318420;10.08.2025 03:00;0
318480;10.08.2025 04:00;10
318540;10.08.2025 05:00;0
318600;10.08.2025 06:00;0
318660;10.08.2025 07:00;0
318720;10.08.2025 08:00;0
318780;10.08.2025 09:00;0
318840;10.08.2025 10:00;0
318900;10.08.2025 11:00;0
318960;10.08.2025 12:00;10
319020;10.08.2025 13:00;0
319080;10.08.2025 14:00;0
319140;10.08.2025 15:00;0
319200;10.08.2025 16:00;0
319260;10.08.2025 17:00;0
319320;10.08.2025 18:00;0
319380;10.08.2025 19:00;0
319440;10.08.2025 20:00;20
319500;10.08.2025 21:00;0
319560;10.08.2025 22:00;0
319620;10.08.2025 23:00;0
319680;11.08.2025 00:00;0
319740;11.08.2025 01:00;0
319800;11.08.2025 02:00;0
319860;11.08.2025 03:00;0
319920;11.08.2025 04:00;0
319980;11.08.2025 05:00;0
320040;11.08.2025 06:00;0
320100;11.08.2025 07:00;0
320160;11.08.2025 08:00;0
320220;11.08.2025 09:00;0
320280;11.08.2025 10:00;0
320340;11.08.2025 11:00;20
320400;11.08.2025 12:00;0
320460;11.08.2025 13:00;0
320520;11.08.2025 14:00;20.462055046615184
320580;11.08.2025 15:00;0
320640;11.08.2025 16:00;0
320700;11.08.2025 17:00;0
320760;11.08.2025 18:00;0
320820;11.08.2025 19:00;0
320880;11.08.2025 20:00;0
320940;11.08.2025 21:00;0
321000;11.08.2025 22:00;0
321060;11.08.2025 23:00;0
321120;12.08.2025 00:00;0
321180;12.08.2025 01:00;0
321240;12.08.2025 02:00;0
321300;12.08.2025 03:00;0
321360;12.08.2025 04:00;20
321420;12.08.2025 05:00;0
321480;12.08.2025 06:00;0
321540;12.08.2025 07:00;0
321600;12.08.2025 08:00;50
321660;12.08.2025 09:00;0
321720;12.08.2025 10:00;0
321780;12.08.2025 11:00;0
321840;12.08.2025 12:00;20
321900;12.08.2025 13:00;0
321960;12.08.2025 14:00;0
322020;12.08.2025 15:00;0
322080;12.08.2025 16:00;0
322140;12.08.2025 17:00;0
322200;12.08.2025 18:00;0
322260;12.08.2025 19:00;0
322320;12.08.2025 20:00;0
322380;12.08.2025 21:00;0
322440;12.08.2025 22:00;0
322500;12.08.2025 23:00;0
322560;13.08.2025 00:00;0
322620;13.08.2025 01:00;0
322680;13.08.2025 02:00;0
322740;13.08.2025 03:00;0
322800;13.08.2025 04:00;0
322860;13.08.2025 05:00;10
322920;13.08.2025 06:00;0
322980;13.08.2025 07:00;0
323040;13.08.2025 08:00;0
323100;13.08.2025 09:00;0
323160;13.08.2025 10:00;0
323220;13.08.2025 11:00;0
323280;13.08.2025 12:00;20
323340;13.08.2025 13:00;0
323400;13.08.2025 14:00;22.385332251144494
323460;13.08.2025 15:00;0
323520;13.08.2025 16:00;0
323580;13.08.2025 17:00;0
323640;13.08.2025 18:00;0
323700;13.08.2025 19:00;0
323760;13.08.2025 20:00;0
323820;13.08.2025 21:00;0
323880;13.08.2025 22:00;0
323940;13.08.2025 23:00;0
324000;14.08.2025 00:00;0
324060;14.08.2025 01:00;0
324120;14.08.2025 02:00;0
324180;14.08.2025 03:00;0
324240;14.08.2025 04:00;0
324300;14.08.2025 05:00;20
324360;14.08.2025 06:00;0
324420;14.08.2025 07:00;0
324480;14.08.2025 08:00;0
324540;14.08.2025 09:00;0
324600;14.08.2025 10:00;0
324660;14.08.2025 11:00;0
324720;14.08.2025 12:00;0
324780;14.08.2025 13:00;20
324840;14.08.2025 14:00;0
324900;14.08.2025 15:00;0
324960;14.08.2025 16:00;0
325020;14.08.2025 17:00;0
325080;14.08.2025 18:00;0
325140;14.08.2025 19:00;0
325200;14.08.2025 20:00;0
325260;14.08.2025 21:00;0
325320;14.08.2025 22:00;0
325380;14.08.2025 23:00;0
325440;15.08.2025 00:00;0
325500;15.08.2025 01:00;0
325560;15.08.2025 02:00;0
325620;15.08.2025 03:00;0
325680;15.08.2025 04:00;0
325740;15.08.2025 05:00;0
325800;15.08.2025 06:00;0
325860;15.08.2025 07:00;0
325920;15.08.2025 08:00;0
325980;15.08.2025 09:00;0
326040;15.08.2025 10:00;19.759677966812454
326100;15.08.2025 11:00;0
326160;15.08.2025 12:00;0
326220;15.08.2025 13:00;0
326280;15.08.2025 14:00;0
326340;15.08.2025 15:00;0
326400;15.08.2025 16:00;31.664005842561675
326460;15.08.2025 17:00;0
326520;15.08.2025 18:00;0
326580;15.08.2025 19:00;0
326640;15.08.2025 20:00;0
326700;15.08.2025 21:00;0
326760;15.08.2025 22:00;0
326820;15.08.2025 23:00;0
326880;16.08.2025 00:00;0
326940;16.08.2025 01:00;0
327000;16.08.2025 02:00;0
327060;16.08.2025 03:00;0
327120;16.08.2025 04:00;0
327180;16.08.2025 05:00;0
327240;16.08.2025 06:00;0
327300;16.08.2025 07:00;0
327360;16.08.2025 08:00;0
327420;16.08.2025 09:00;0
327480;16.08.2025 10:00;0
327540;16.08.2025 11:00;0
327600;16.08.2025 12:00;10
327660;16.08.2025 13:00;0
327720;16.08.2025 14:00;0
327780;16.08.2025 15:00;0
327840;16.08.2025 16:00;0
327900;16.08.2025 17:00;0
327960;16.08.2025 18:00;0
328020;16.08.2025 19:00;0
328080;16.08.2025 20:00;0
328140;16.08.2025 21:00;10
328200;16.08.2025 22:00;0
328260;16.08.2025 23:00;0
328320;17.08.2025 00:00;0
328380;17.08.2025 01:00;0
328440;17.08.2025 02:00;0
328500;17.08.2025 03:00;0
328560;17.08.2025 04:00;0
328620;17.08.2025 05:00;0
328680;17.08.2025 06:00;0
328740;17.08.2025 07:00;0
328800;17.08.2025 08:00;0
328860;17.08.2025 09:00;20
328920;17.08.2025 10:00;60
328980;17.08.2025 11:00;0
329040;17.08.2025 12:00;0
329100;17.08.2025 13:00;0
329160;17.08.2025 14:00;0
329220;17.08.2025 15:00;8.868179586444505
329280;17.08.2025 16:00;0
329340;17.08.2025 17:00;20
329400;17.08.2025 18:00;0
329460;17.08.2025 19:00;0
329520;17.08.2025 20:00;0
329580;17.08.2025 21:00;0
329640;17.08.2025 22:00;0
329700;17.08.2025 23:00;0
329760;18.08.2025 00:00;0
329820;18.08.2025 01:00;0
329880;18.08.2025 02:00;0
329940;18.08.2025 03:00;0
330000;18.08.2025 04:00;0
330060;18.08.2025 05:00;0
330120;18.08.2025 06:00;0
330180;18.08.2025 07:00;10
330240;18.08.2025 08:00;0
330300;18.08.2025 09:00;0
330360;18.08.2025 10:00;0
330420;18.08.2025 11:00;0
330480;18.08.2025 12:00;0
330540;18.08.2025 13:00;0
330600;18.08.2025 14:00;0
330660;18.08.2025 15:00;0
330720;18.08.2025 16:00;0
330780;18.08.2025 17:00;0
330840;18.08.2025 18:00;10
330900;18.08.2025 19:00;0
330960;18.08.2025 20:00;0
331020;18.08.2025 21:00;0
331080;18.08.2025 22:00;0
331140;18.08.2025 23:00;0
331200;19.08.2025 00:00;0
331260;19.08.2025 01:00;0
331320;19.08.2025 02:00;0
331380;19.08.2025 03:00;0
331440;19.08.2025 04:00;0
331500;19.08.2025 05:00;10
331560;19.08.2025 06:00;0
331620;19.08.2025 07:00;0
331680;19.08.2025 08:00;0
331740;19.08.2025 09:00;0
331800;19.08.2025 10:00;0
331860;19.08.2025 11:00;0
331920;19.08.2025 12:00;0
331980;19.08.2025 13:00;20.202723762437397
332040;19.08.2025 14:00;10
332100;19.08.2025 15:00;0
332160;19.08.2025 16:00;0
332220;19.08.2025 17:00;0
332280;19.08.2025 18:00;0
332340;19.08.2025 19:00;0
332400;19.08.2025 20:00;0
332460;19.08.2025 21:00;0
332520;19.08.2025 22:00;0
332580;19.08.2025 23:00;0
332640;20.08.2025 00:00;0
332700;20.08.2025 01:00;0
332760;20.08.2025 02:00;0
332820;20.08.2025 03:00;0
332880;20.08.2025 04:00;10
332940;20.08.2025 05:00;0
333000;20.08.2025 06:00;0
333060;20.08.2025 07:00;0
333120;20.08.2025 08:00;0
333180;20.08.2025 09:00;0
333240;20.08.2025 10:00;0
333300;20.08.2025 11:00;0
333360;20.08.2025 12:00;0
333420;20.08.2025 13:00;0
333480;20.08.2025 14:00;0
333540;20.08.2025 15:00;0
333600;20.08.2025 16:00;0
333660;20.08.2025 17:00;0
333720;20.08.2025 18:00;10
333780;20.08.2025 19:00;0
333840;20.08.2025 20:00;0
333900;20.08.2025 21:00;0
333960;20.08.2025 22:00;0
334020;20.08.2025 23:00;0
334080;21.08.2025 00:00;0
334140;21.08.2025 01:00;0
334200;21.08.2025 02:00;0
334260;21.08.2025 03:00;0
334320;21.08.2025 04:00;0
334380;21.08.2025 05:00;20
334440;21.08.2025 06:00;0
334500;21.08.2025 07:00;0
334560;21.08.2025 08:00;0
334620;21.08.2025 09:00;0
334680;21.08.2025 10:00;0
334740;21.08.2025 11:00;0
334800;21.08.2025 12:00;0
334860;21.08.2025 13:00;10.375773889518777
334920;21.08.2025 14:00;10
334980;21.08.2025 15:00;0
335040;21.08.2025 16:00;0
335100;21.08.2025 17:00;0
335160;21.08.2025 18:00;0
335220;21.08.2025 19:00;0
335280;21.08.2025 20:00;0
335340;21.08.2025 21:00;0
335400;21.08.2025 22:00;0
335460;21.08.2025 23:00;0
335520;22.08.2025 00:00;0
335580;22.08.2025 01:00;0
335640;22.08.2025 02:00;0
335700;22.08.2025 03:00;10
335760;22.08.2025 04:00;10
335820;22.08.2025 05:00;0
335880;22.08.2025 06:00;0
335940;22.08.2025 07:00;0
336000;22.08.2025 08:00;0
336060;22.08.2025 09:00;0
336120;22.08.2025 10:00;0
336180;22.08.2025 11:00;0
336240;22.08.2025 12:00;0
336300;22.08.2025 13:00;20
336360;22.08.2025 14:00;0
336420;22.08.2025 15:00;0
336480;22.08.2025 16:00;0
336540;22.08.2025 17:00;0
336600;22.08.2025 18:00;0
336660;22.08.2025 19:00;0
336720;22.08.2025 20:00;0
336780;22.08.2025 21:00;0
336840;22.08.2025 22:00;0
336900;22.08.2025 23:00;0
336960;23.08.2025 00:00;0
337020;23.08.2025 01:00;0
337080;23.08.2025 02:00;0
337140;23.08.2025 03:00;0
337200;23.08.2025 04:00;20
337260;23.08.2025 05:00;0
337320;23.08.2025 06:00;0
337380;23.08.2025 07:00;0
337440;23.08.2025 08:00;0
337500;23.08.2025 09:00;50
337560;23.08.2025 10:00;0
337620;23.08.2025 11:00;0
337680;23.08.2025 12:00;20
337740;23.08.2025 13:00;0
337800;23.08.2025 14:00;10.113509237140326
337860;23.08.2025 15:00;0
337920;23.08.2025 16:00;0
337980;23.08.2025 17:00;0
338040;23.08.2025 18:00;0
338100;23.08.2025 19:00;0
338160;23.08.2025 20:00;0
338220;23.08.2025 21:00;0
338280;23.08.2025 22:00;0
338340;23.08.2025 23:00;0
338400;24.08.2025 00:00;0
338460;24.08.2025 01:00;0
338520;24.08.2025 02:00;0
338580;24.08.2025 03:00;0
338640;24.08.2025 04:00;10
338700;24.08.2025 05:00;0
338760;24.08.2025 06:00;0
338820;24.08.2025 07:00;0
338880;24.08.2025 08:00;0
338940;24.08.2025 09:00;0
339000;24.08.2025 10:00;0
339060;24.08.2025 11:00;0
339120;24.08.2025 12:00;0
339180;24.08.2025 13:00;0
339240;24.08.2025 14:00;20
339300;24.08.2025 15:00;0
339360;24.08.2025 16:00;0
339420;24.08.2025 17:00;0
339480;24.08.2025 18:00;0
339540;24.08.2025 19:00;0
339600;24.08.2025 20:00;0
339660;24.08.2025 21:00;10
339720;24.08.2025 22:00;0
339780;24.08.2025 23:00;0
339840;25.08.2025 00:00;0
339900;25.08.2025 01:00;0
339960;25.08.2025 02:00;0
340020;25.08.2025 03:00;0
340080;25.08.2025 04:00;0
340140;25.08.2025 05:00;0
340200;25.08.2025 06:00;0
340260;25.08.2025 07:00;0
340320;25.08.2025 08:00;0
340380;25.08.2025 09:00;0
340440;25.08.2025 10:00;0
340500;25.08.2025 11:00;20
340560;25.08.2025 12:00;0
340620;25.08.2025 13:00;0
340680;25.08.2025 14:00;0
340740;25.08.2025 15:00;0
340800;25.08.2025 16:00;0
340860;25.08.2025 17:00;0
340920;25.08.2025 18:00;0
340980;25.08.2025 19:00;0
341040;25.08.2025 20:00;0
341100;25.08.2025 21:00;9.546327624295012
341160;25.08.2025 22:00;0
341220;25.08.2025 23:00;0
341280;26.08.2025 00:00;0
341340;26.08.2025 01:00;0
341400;26.08.2025 02:00;0
341460;26.08.2025 03:00;0
341520;26.08.2025 04:00;10
341580;26.08.2025 05:00;0
341640;26.08.2025 06:00;0
341700;26.08.2025 07:00;0
341760;26.08.2025 08:00;0
341820;26.08.2025 09:00;0
341880;26.08.2025 10:00;0
341940;26.08.2025 11:00;0
342000;26.08.2025 12:00;10
342060;26.08.2025 13:00;0
342120;26.08.2025 14:00;0
342180;26.08.2025 15:00;0
342240;26.08.2025 16:00;0
342300;26.08.2025 17:00;0
342360;26.08.2025 18:00;0
342420;26.08.2025 19:00;0
342480;26.08.2025 20:00;0
342540;26.08.2025 21:00;10
342600;26.08.2025 22:00;0
342660;26.08.2025 23:00;0
342720;27.08.2025 00:00;0
342780;27.08.2025 01:00;0
342840;27.08.2025 02:00;0
342900;27.08.2025 03:00;0
342960;27.08.2025 04:00;0
343020;27.08.2025 05:00;0
343080;27.08.2025 06:00;0
343140;27.08.2025 07:00;0
343200;27.08.2025 08:00;0
343260;27.08.2025 09:00;0
343320;27.08.2025 10:00;10.235630759957308
343380;27.08.2025 11:00;0
343440;27.08.2025 12:00;10
343500;27.08.2025 13:00;0
343560;27.08.2025 14:00;0
343620;27.08.2025 15:00;21.074598237387626
343680;27.08.2025 16:00;0
343740;27.08.2025 17:00;20
343800;27.08.2025 18:00;0
343860;27.08.2025 19:00;0
343920;27.08.2025 20:00;0
343980;27.08.2025 21:00;0
344040;27.08.2025 22:00;0
344100;27.08.2025 23:00;0
344160;28.08.2025 00:00;0
344220;28.08.2025 01:00;0
344280;28.08.2025 02:00;0
344340;28.08.2025 03:00;0
344400;28.08.2025 04:00;21.354850384960322
344460;28.08.2025 05:00;20
344520;28.08.2025 06:00;0
344580;28.08.2025 07:00;0
344640;28.08.2025 08:00;0
344700;28.08.2025 09:00;0
344760;28.08.2025 10:00;0
344820;28.08.2025 11:00;0
344880;28.08.2025 12:00;0
344940;28.08.2025 13:00;30.158770336412427
345000;28.08.2025 14:00;19.89092668691057
345060;28.08.2025 15:00;0
345120;28.08.2025 16:00;0
345180;28.08.2025 17:00;0
345240;28.08.2025 18:00;0
345300;28.08.2025 19:00;0
345360;28.08.2025 20:00;0
345420;28.08.2025 21:00;0
345480;28.08.2025 22:00;0
345540;28.08.2025 23:00;0
345600;29.08.2025 00:00;0
345660;29.08.2025 01:00;0
345720;29.08.2025 02:00;0
345780;29.08.2025 03:00;0
345840;29.08.2025 04:00;20
345900;29.08.2025 05:00;11.6827406791516
345960;29.08.2025 06:00;0
346020;29.08.2025 07:00;0
346080;29.08.2025 08:00;0
346140;29.08.2025 09:00;0
346200;29.08.2025 10:00;0
346260;29.08.2025 11:00;0
346320;29.08.2025 12:00;20
346380;29.08.2025 13:00;0
346440;29.08.2025 14:00;0
346500;29.08.2025 15:00;10.980085452916086
346560;29.08.2025 16:00;0
346620;29.08.2025 17:00;0
346680;29.08.2025 18:00;0
346740;29.08.2025 19:00;0
346800;29.08.2025 20:00;10
346860;29.08.2025 21:00;0
346920;29.08.2025 22:00;0
346980;29.08.2025 23:00;0
347040;30.08.2025 00:00;0
347100;30.08.2025 01:00;0
347160;30.08.2025 02:00;0
347220;30.08.2025 03:00;0
347280;30.08.2025 04:00;0
347340;30.08.2025 05:00;9.440330822154646
347400;30.08.2025 06:00;0
347460;30.08.2025 07:00;20
347520;30.08.2025 08:00;0
347580;30.08.2025 09:00;0
347640;30.08.2025 10:00;0
347700;30.08.2025 11:00;23.386834798851478
347760;30.08.2025 12:00;0
347820;30.08.2025 13:00;9.033698603460131
347880;30.08.2025 14:00;0
347940;30.08.2025 15:00;20
348000;30.08.2025 16:00;0
348060;30.08.2025 17:00;0
348120;30.08.2025 18:00;0
348180;30.08.2025 19:00;0
348240;30.08.2025 20:00;0
348300;30.08.2025 21:00;0
348360;30.08.2025 22:00;0
348420;30.08.2025 23:00;0
348480;31.08.2025 00:00;0
348540;31.08.2025 01:00;0
348600;31.08.2025 02:00;0
348660;31.08.2025 03:00;0
348720;31.08.2025 04:00;0
348780;31.08.2025 05:00;0
348840;31.08.2025 06:00;0
348900;31.08.2025 07:00;0
348960;31.08.2025 08:00;50
349020;31.08.2025 09:00;0
349080;31.08.2025 10:00;0
349140;31.08.2025 11:00;0
349200;31.08.2025 12:00;20
349260;31.08.2025 13:00;50
349320;31.08.2025 14:00;0
349380;31.08.2025 15:00;0
349440;31.08.2025 16:00;0
349500;31.08.2025 17:00;0
349560;31.08.2025 18:00;0
349620;31.08.2025 19:00;0
349680;31.08.2025 20:00;0
349740;31.08.2025 21:00;10
349800;31.08.2025 22:00;0
349860;31.08.2025 23:00;0
349920;01.09.2025 00:00;0
349980;01.09.2025 01:00;0
350040;01.09.2025 02:00;0
350100;01.09.2025 03:00;0
350160;01.09.2025 04:00;0
350220;01.09.2025 05:00;0
350280;01.09.2025 06:00;0
350340;01.09.2025 07:00;0
350400;01.09.2025 08:00;0
350460;01.09.2025 09:00;0
350520;01.09.2025 10:00;0
350580;01.09.2025 11:00;0
350640;01.09.2025 12:00;0
350700;01.09.2025 13:00;0
350760;01.09.2025 14:00;0
350820;01.09.2025 15:00;0
350880;01.09.2025 16:00;0
350940;01.09.2025 17:00;0
351000;01.09.2025 18:00;0
351060;01.09.2025 19:00;0
351120;01.09.2025 20:00;0
351180;01.09.2025 21:00;0
351240;01.09.2025 22:00;0
351300;01.09.2025 23:00;0
351360;02.09.2025 00:00;0
351420;02.09.2025 01:00;0
351480;02.09.2025 02:00;0
351540;02.09.2025 03:00;0
351600;02.09.2025 04:00;0
351660;02.09.2025 05:00;0
351720;02.09.2025 06:00;0
351780;02.09.2025 07:00;0
351840;02.09.2025 08:00;0
351900;02.09.2025 09:00;0
351960;02.09.2025 10:00;0
352020;02.09.2025 11:00;0
352080;02.09.2025 12:00;0
352140;02.09.2025 13:00;0
352200;02.09.2025 14:00;0
352260;02.09.2025 15:00;0
352320;02.09.2025 16:00;0
352380;02.09.2025 17:00;0
352440;02.09.2025 18:00;0
352500;02.09.2025 19:00;0
352560;02.09.2025 20:00;0
352620;02.09.2025 21:00;0
352680;02.09.2025 22:00;0
352740;02.09.2025 23:00;0
352800;03.09.2025 00:00;0
352860;03.09.2025 01:00;0
352920;03.09.2025 02:00;0
352980;03.09.2025 03:00;0
353040;03.09.2025 04:00;0
353100;03.09.2025 05:00;0
353160;03.09.2025 06:00;0
353220;03.09.2025 07:00;0
353280;03.09.2025 08:00;0
353340;03.09.2025 09:00;0
353400;03.09.2025 10:00;0
353460;03.09.2025 11:00;0
353520;03.09.2025 12:00;0
353580;03.09.2025 13:00;0
353640;03.09.2025 14:00;0
353700;03.09.2025 15:00;0
353760;03.09.2025 16:00;0
353820;03.09.2025 17:00;0
353880;03.09.2025 18:00;0
353940;03.09.2025 19:00;0
354000;03.09.2025 20:00;0
354060;03.09.2025 21:00;0
354120;03.09.2025 22:00;0
354180;03.09.2025 23:00;0
354240;04.09.2025 00:00;0
354300;04.09.2025 01:00;0
354360;04.09.2025 02:00;0
354420;04.09.2025 03:00;0
354480;04.09.2025 04:00;0
354540;04.09.2025 05:00;0
354600;04.09.2025 06:00;0
354660;04.09.2025 07:00;0
354720;04.09.2025 08:00;0
354780;04.09.2025 09:00;0
354840;04.09.2025 10:00;0
354900;04.09.2025 11:00;0
354960;04.09.2025 12:00;0
355020;04.09.2025 13:00;0
355080;04.09.2025 14:00;0
355140;04.09.2025 15:00;0
355200;04.09.2025 16:00;0
355260;04.09.2025 17:00;0
355320;04.09.2025 18:00;0
355380;04.09.2025 19:00;0
355440;04.09.2025 20:00;0
355500;04.09.2025 21:00;0
355560;04.09.2025 22:00;0
355620;04.09.2025 23:00;0
355680;05.09.2025 00:00;0
355740;05.09.2025 01:00;0
355800;05.09.2025 02:00;0
355860;05.09.2025 03:00;0
355920;05.09.2025 04:00;0
355980;05.09.2025 05:00;0
356040;05.09.2025 06:00;0
356100;05.09.2025 07:00;0
356160;05.09.2025 08:00;0
356220;05.09.2025 09:00;0
356280;05.09.2025 10:00;0
356340;05.09.2025 11:00;0
356400;05.09.2025 12:00;0
356460;05.09.2025 13:00;0
356520;05.09.2025 14:00;0
356580;05.09.2025 15:00;0
356640;05.09.2025 16:00;0
356700;05.09.2025 17:00;0
356760;05.09.2025 18:00;0
356820;05.09.2025 19:00;0
356880;05.09.2025 20:00;0
356940;05.09.2025 21:00;0
357000;05.09.2025 22:00;0
357060;05.09.2025 23:00;0
357120;06.09.2025 00:00;0
357180;06.09.2025 01:00;0
357240;06.09.2025 02:00;0
357300;06.09.2025 03:00;0
357360;06.09.2025 04:00;0
357420;06.09.2025 05:00;0
357480;06.09.2025 06:00;0
357540;06.09.2025 07:00;0
357600;06.09.2025 08:00;0
357660;06.09.2025 09:00;0
357720;06.09.2025 10:00;0
357780;06.09.2025 11:00;0
357840;06.09.2025 12:00;0
357900;06.09.2025 13:00;0
357960;06.09.2025 14:00;0
358020;06.09.2025 15:00;0
358080;06.09.2025 16:00;0
358140;06.09.2025 17:00;0
358200;06.09.2025 18:00;0
358260;06.09.2025 19:00;0
358320;06.09.2025 20:00;0
358380;06.09.2025 21:00;0
358440;06.09.2025 22:00;0
358500;06.09.2025 23:00;0
358560;07.09.2025 00:00;0
358620;07.09.2025 01:00;0
358680;07.09.2025 02:00;0
358740;07.09.2025 03:00;0
358800;07.09.2025 04:00;0
358860;07.09.2025 05:00;0
358920;07.09.2025 06:00;0
358980;07.09.2025 07:00;0
359040;07.09.2025 08:00;0
359100;07.09.2025 09:00;0
359160;07.09.2025 10:00;0
359220;07.09.2025 11:00;0
359280;07.09.2025 12:00;0
359340;07.09.2025 13:00;0
359400;07.09.2025 14:00;41.797717258190865
359460;07.09.2025 15:00;0
359520;07.09.2025 16:00;0
359580;07.09.2025 17:00;0
359640;07.09.2025 18:00;0
359700;07.09.2025 19:00;0
359760;07.09.2025 20:00;0
359820;07.09.2025 21:00;0
359880;07.09.2025 22:00;0
359940;07.09.2025 23:00;0
360000;08.09.2025 00:00;0
360060;08.09.2025 01:00;0
360120;08.09.2025 02:00;0
360180;08.09.2025 03:00;0
360240;08.09.2025 04:00;0
360300;08.09.2025 05:00;20
360360;08.09.2025 06:00;0
360420;08.09.2025 07:00;0
360480;08.09.2025 08:00;0
360540;08.09.2025 09:00;0
360600;08.09.2025 10:00;0
360660;08.09.2025 11:00;0
360720;08.09.2025 12:00;0
360780;08.09.2025 13:00;0
360840;08.09.2025 14:00;0
360900;08.09.2025 15:00;0
360960;08.09.2025 16:00;10
361020;08.09.2025 17:00;0
361080;08.09.2025 18:00;0
361140;08.09.2025 19:00;0
361200;08.09.2025 20:00;0
361260;08.09.2025 21:00;0
361320;08.09.2025 22:00;0
361380;08.09.2025 23:00;0
361440;09.09.2025 00:00;0
361500;09.09.2025 01:00;0
361560;09.09.2025 02:00;0
361620;09.09.2025 03:00;0
361680;09.09.2025 04:00;0
361740;09.09.2025 05:00;0
361800;09.09.2025 06:00;0
361860;09.09.2025 07:00;0
361920;09.09.2025 08:00;20
361980;09.09.2025 09:00;0
362040;09.09.2025 10:00;0
362100;09.09.2025 11:00;0
362160;09.09.2025 12:00;0
362220;09.09.2025 13:00;0
362280;09.09.2025 14:00;8.986266071970164
362340;09.09.2025 15:00;0
362400;09.09.2025 16:00;0
362460;09.09.2025 17:00;20
362520;09.09.2025 18:00;0
362580;09.09.2025 19:00;0
362640;09.09.2025 20:00;0
362700;09.09.2025 21:00;0
362760;09.09.2025 22:00;0
362820;09.09.2025 23:00;0
362880;10.09.2025 00:00;0
362940;10.09.2025 01:00;0
363000;10.09.2025 02:00;0
363060;10.09.2025 03:00;0
363120;10.09.2025 04:00;0
363180;10.09.2025 05:00;20
363240;10.09.2025 06:00;0
363300;10.09.2025 07:00;0
363360;10.09.2025 08:00;50
363420;10.09.2025 09:00;0
363480;10.09.2025 10:00;0
363540;10.09.2025 11:00;0
363600;10.09.2025 12:00;0
363660;10.09.2025 13:00;0
363720;10.09.2025 14:00;0
363780;10.09.2025 15:00;0
363840;10.09.2025 16:00;0
363900;10.09.2025 17:00;0
363960;10.09.2025 18:00;20
364020;10.09.2025 19:00;0
364080;10.09.2025 20:00;0
364140;10.09.2025 21:00;0
364200;10.09.2025 22:00;0
364260;10.09.2025 23:00;0
364320;11.09.2025 00:00;0
364380;11.09.2025 01:00;0
364440;11.09.2025 02:00;0
364500;11.09.2025 03:00;0
364560;11.09.2025 04:00;0
364620;11.09.2025 05:00;0
364680;11.09.2025 06:00;20
364740;11.09.2025 07:00;0
364800;11.09.2025 08:00;0
364860;11.09.2025 09:00;0
364920;11.09.2025 10:00;0
364980;11.09.2025 11:00;0
365040;11.09.2025 12:00;21.59038351343392
365100;11.09.2025 13:00;0
365160;11.09.2025 14:00;0
365220;11.09.2025 15:00;20
365280;11.09.2025 16:00;0
365340;11.09.2025 17:00;0
365400;11.09.2025 18:00;0
365460;11.09.2025 19:00;0
365520;11.09.2025 20:00;0
365580;11.09.2025 21:00;0
365640;11.09.2025 22:00;0
365700;11.09.2025 23:00;0
365760;12.09.2025 00:00;0
365820;12.09.2025 01:00;0
365880;12.09.2025 02:00;0
365940;12.09.2025 03:00;20
366000;12.09.2025 04:00;0
366060;12.09.2025 05:00;0
366120;12.09.2025 06:00;0
366180;12.09.2025 07:00;0
366240;12.09.2025 08:00;0
366300;12.09.2025 09:00;0
366360;12.09.2025 10:00;0
366420;12.09.2025 11:00;0
366480;12.09.2025 12:00;0
366540;12.09.2025 13:00;10
366600;12.09.2025 14:00;0
366660;12.09.2025 15:00;0
366720;12.09.2025 16:00;0
366780;12.09.2025 17:00;0
366840;12.09.2025 18:00;0
366900;12.09.2025 19:00;0
366960;12.09.2025 20:00;0
367020;12.09.2025 21:00;0
367080;12.09.2025 22:00;0
367140;12.09.2025 23:00;0
367200;13.09.2025 00:00;0
367260;13.09.2025 01:00;0
367320;13.09.2025 02:00;0
367380;13.09.2025 03:00;0
367440;13.09.2025 04:00;0
367500;13.09.2025 05:00;10
367560;13.09.2025 06:00;0
367620;13.09.2025 07:00;0
367680;13.09.2025 08:00;0
367740;13.09.2025 09:00;0
367800;13.09.2025 10:00;0
367860;13.09.2025 11:00;0
367920;13.09.2025 12:00;0
367980;13.09.2025 13:00;40.81547752837568
368040;13.09.2025 14:00;0
368100;13.09.2025 15:00;0
368160;13.09.2025 16:00;0
368220;13.09.2025 17:00;0
368280;13.09.2025 18:00;0
368340;13.09.2025 19:00;0
368400;13.09.2025 20:00;0
368460;13.09.2025 21:00;0
368520;13.09.2025 22:00;0
368580;13.09.2025 23:00;0
368640;14.09.2025 00:00;0
368700;14.09.2025 01:00;0
368760;14.09.2025 02:00;0
368820;14.09.2025 03:00;10
368880;14.09.2025 04:00;0
368940;14.09.2025 05:00;0
369000;14.09.2025 06:00;0
369060;14.09.2025 07:00;0
369120;14.09.2025 08:00;0
369180;14.09.2025 09:00;0
369240;14.09.2025 10:00;0
369300;14.09.2025 11:00;20
369360;14.09.2025 12:00;0
369420;14.09.2025 13:00;0
369480;14.09.2025 14:00;0
369540;14.09.2025 15:00;0
369600;14.09.2025 16:00;0
369660;14.09.2025 17:00;0
369720;14.09.2025 18:00;0
369780;14.09.2025 19:00;0
369840;14.09.2025 20:00;0
369900;14.09.2025 21:00;20
369960;14.09.2025 22:00;0
370020;14.09.2025 23:00;0
370080;15.09.2025 00:00;0
370140;15.09.2025 01:00;0
370200;15.09.2025 02:00;0
370260;15.09.2025 03:00;0
370320;15.09.2025 04:00;0
370380;15.09.2025 05:00;0
370440;15.09.2025 06:00;0
370500;15.09.2025 07:00;0
370560;15.09.2025 08:00;0
370620;15.09.2025 09:00;20
370680;15.09.2025 10:00;0
370740;15.09.2025 11:00;0
370800;15.09.2025 12:00;0
370860;15.09.2025 13:00;0
370920;15.09.2025 14:00;0
370980;15.09.2025 15:00;0
371040;15.09.2025 16:00;0
371100;15.09.2025 17:00;8.888193131187785
371160;15.09.2025 18:00;0
371220;15.09.2025 19:00;0
371280;15.09.2025 20:00;0
371340;15.09.2025 21:00;20
371400;15.09.2025 22:00;0
371460;15.09.2025 23:00;0
371520;16.09.2025 00:00;0
371580;16.09.2025 01:00;0
371640;16.09.2025 02:00;0
371700;16.09.2025 03:00;0
371760;16.09.2025 04:00;0
371820;16.09.2025 05:00;0
371880;16.09.2025 06:00;0
371940;16.09.2025 07:00;0
372000;16.09.2025 08:00;0
372060;16.09.2025 09:00;60
372120;16.09.2025 10:00;0
372180;16.09.2025 11:00;0
372240;16.09.2025 12:00;0
372300;16.09.2025 13:00;0
372360;16.09.2025 14:00;0
372420;16.09.2025 15:00;0
372480;16.09.2025 16:00;0
372540;16.09.2025 17:00;0
372600;16.09.2025 18:00;0
372660;16.09.2025 19:00;10
372720;16.09.2025 20:00;0
372780;16.09.2025 21:00;0
372840;16.09.2025 22:00;0
372900;16.09.2025 23:00;0
372960;17.09.2025 00:00;0
373020;17.09.2025 01:00;0
373080;17.09.2025 02:00;0
373140;17.09.2025 03:00;0
373200;17.09.2025 04:00;0
373260;17.09.2025 05:00;0
373320;17.09.2025 06:00;0
373380;17.09.2025 07:00;0
373440;17.09.2025 08:00;10
373500;17.09.2025 09:00;0
373560;17.09.2025 10:00;0
373620;17.09.2025 11:00;0
373680;17.09.2025 12:00;9.15757435138717
373740;17.09.2025 13:00;0
373800;17.09.2025 14:00;0
373860;17.09.2025 15:00;0
373920;17.09.2025 16:00;0
373980;17.09.2025 17:00;0
374040;17.09.2025 18:00;0
374100;17.09.2025 19:00;20
374160;17.09.2025 20:00;0
374220;17.09.2025 21:00;0
374280;17.09.2025 22:00;0
374340;17.09.2025 23:00;0
374400;18.09.2025 00:00;0
374460;18.09.2025 01:00;0
374520;18.09.2025 02:00;0
374580;18.09.2025 03:00;0
374640;18.09.2025 04:00;0
374700;18.09.2025 05:00;0
374760;18.09.2025 06:00;0
374820;18.09.2025 07:00;0
374880;18.09.2025 08:00;0
374940;18.09.2025 09:00;10
375000;18.09.2025 10:00;0
375060;18.09.2025 11:00;0
375120;18.09.2025 12:00;0
375180;18.09.2025 13:00;0
375240;18.09.2025 14:00;0
375300;18.09.2025 15:00;0
375360;18.09.2025 16:00;0
375420;18.09.2025 17:00;0
375480;18.09.2025 18:00;20
375540;18.09.2025 19:00;0
375600;18.09.2025 20:00;0
375660;18.09.2025 21:00;0
375720;18.09.2025 22:00;0
375780;18.09.2025 23:00;0
375840;19.09.2025 00:00;0
375900;19.09.2025 01:00;0
375960;19.09.2025 02:00;0
376020;19.09.2025 03:00;0
376080;19.09.2025 04:00;0
376140;19.09.2025 05:00;0
376200;19.09.2025 06:00;0
376260;19.09.2025 07:00;20
376320;19.09.2025 08:00;0
376380;19.09.2025 09:00;0
376440;19.09.2025 10:00;0
376500;19.09.2025 11:00;0
376560;19.09.2025 12:00;0
376620;19.09.2025 13:00;21.729847177437136
376680;19.09.2025 14:00;0
376740;19.09.2025 15:00;0
376800;19.09.2025 16:00;0
376860;19.09.2025 17:00;10
376920;19.09.2025 18:00;0
376980;19.09.2025 19:00;0
377040;19.09.2025 20:00;0
377100;19.09.2025 21:00;0
377160;19.09.2025 22:00;0
377220;19.09.2025 23:00;0
377280;20.09.2025 00:00;0
377340;20.09.2025 01:00;0
377400;20.09.2025 02:00;0
377460;20.09.2025 03:00;0
377520;20.09.2025 04:00;0
377580;20.09.2025 05:00;10
377640;20.09.2025 06:00;0
377700;20.09.2025 07:00;0
377760;20.09.2025 08:00;0
377820;20.09.2025 09:00;0
377880;20.09.2025 10:00;0
377940;20.09.2025 11:00;0
378000;20.09.2025 12:00;0
378060;20.09.2025 13:00;0
378120;20.09.2025 14:00;20
378180;20.09.2025 15:00;0
378240;20.09.2025 16:00;0
378300;20.09.2025 17:00;0
378360;20.09.2025 18:00;0
378420;20.09.2025 19:00;0
378480;20.09.2025 20:00;0
378540;20.09.2025 21:00;0
378600;20.09.2025 22:00;0
378660;20.09.2025 23:00;0
378720;21.09.2025 00:00;0
378780;21.09.2025 01:00;0
378840;21.09.2025 02:00;0
378900;21.09.2025 03:00;0
378960;21.09.2025 04:00;0
379020;21.09.2025 05:00;20
379080;21.09.2025 06:00;0
379140;21.09.2025 07:00;0
379200;21.09.2025 08:00;0
379260;21.09.2025 09:00;0
379320;21.09.2025 10:00;0
379380;21.09.2025 11:00;0
379440;21.09.2025 12:00;9.77558922247244
379500;21.09.2025 13:00;0
379560;21.09.2025 14:00;10
379620;21.09.2025 15:00;0
379680;21.09.2025 16:00;0
379740;21.09.2025 17:00;0
379800;21.09.2025 18:00;0
379860;21.09.2025 19:00;0
379920;21.09.2025 20:00;0
379980;21.09.2025 21:00;0
380040;21.09.2025 22:00;0
380100;21.09.2025 23:00;0
380160;22.09.2025 00:00;0
380220;22.09.2025 01:00;0
380280;22.09.2025 02:00;0
380340;22.09.2025 03:00;20
380400;22.09.2025 04:00;0
380460;22.09.2025 05:00;0
380520;22.09.2025 06:00;0
380580;22.09.2025 07:00;0
380640;22.09.2025 08:00;0
380700;22.09.2025 09:00;50
380760;22.09.2025 10:00;0
380820;22.09.2025 11:00;0
380880;22.09.2025 12:00;0
380940;22.09.2025 13:00;10
381000;22.09.2025 14:00;0
381060;22.09.2025 15:00;0
381120;22.09.2025 16:00;0
381180;22.09.2025 17:00;0
381240;22.09.2025 18:00;0
381300;22.09.2025 19:00;0
381360;22.09.2025 20:00;0
381420;22.09.2025 21:00;0
381480;22.09.2025 22:00;0
381540;22.09.2025 23:00;0
381600;23.09.2025 00:00;0
381660;23.09.2025 01:00;0
381720;23.09.2025 02:00;0
381780;23.09.2025 03:00;0
381840;23.09.2025 04:00;10
381900;23.09.2025 05:00;0
381960;23.09.2025 06:00;0
382020;23.09.2025 07:00;0
382080;23.09.2025 08:00;0
382140;23.09.2025 09:00;0
382200;23.09.2025 10:00;0
382260;23.09.2025 11:00;0
382320;23.09.2025 12:00;20.05335407601538
382380;23.09.2025 13:00;10
382440;23.09.2025 14:00;0
382500;23.09.2025 15:00;0
382560;23.09.2025 16:00;0
382620;23.09.2025 17:00;0
382680;23.09.2025 18:00;0
382740;23.09.2025 19:00;0
382800;23.09.2025 20:00;0
382860;23.09.2025 21:00;0
382920;23.09.2025 22:00;0
382980;23.09.2025 23:00;0
383040;24.09.2025 00:00;0
383100;24.09.2025 01:00;0
383160;24.09.2025 02:00;0
383220;24.09.2025 03:00;0
383280;24.09.2025 04:00;10
383340;24.09.2025 05:00;0
383400;24.09.2025 06:00;0
383460;24.09.2025 07:00;0
383520;24.09.2025 08:00;0
383580;24.09.2025 09:00;0
383640;24.09.2025 10:00;0
383700;24.09.2025 11:00;0
383760;24.09.2025 12:00;0
383820;24.09.2025 13:00;10
383880;24.09.2025 14:00;0
383940;24.09.2025 15:00;0
384000;24.09.2025 16:00;0
384060;24.09.2025 17:00;0
384120;24.09.2025 18:00;0
384180;24.09.2025 19:00;0
384240;24.09.2025 20:00;0
384300;24.09.2025 21:00;0
384360;24.09.2025 22:00;0
384420;24.09.2025 23:00;0
384480;25.09.2025 00:00;0
384540;25.09.2025 01:00;0
384600;25.09.2025 02:00;0
384660;25.09.2025 03:00;0
384720;25.09.2025 04:00;0
384780;25.09.2025 05:00;20
384840;25.09.2025 06:00;0
384900;25.09.2025 07:00;0
384960;25.09.2025 08:00;0
385020;25.09.2025 09:00;0
385080;25.09.2025 10:00;0
385140;25.09.2025 11:00;0
385200;25.09.2025 12:00;0
385260;25.09.2025 13:00;0
385320;25.09.2025 14:00;29.400117388242002
385380;25.09.2025 15:00;0
385440;25.09.2025 16:00;0
385500;25.09.2025 17:00;0
385560;25.09.2025 18:00;0
385620;25.09.2025 19:00;0
385680;25.09.2025 20:00;0
385740;25.09.2025 21:00;0
385800;25.09.2025 22:00;0
385860;25.09.2025 23:00;0
385920;26.09.2025 00:00;0
385980;26.09.2025 01:00;0
386040;26.09.2025 02:00;0
386100;26.09.2025 03:00;0
386160;26.09.2025 04:00;0
386220;26.09.2025 05:00;10
386280;26.09.2025 06:00;0
386340;26.09.2025 07:00;0
386400;26.09.2025 08:00;0
386460;26.09.2025 09:00;55
386520;26.09.2025 10:00;0
386580;26.09.2025 11:00;0
386640;26.09.2025 12:00;0
386700;26.09.2025 13:00;10
386760;26.09.2025 14:00;0
386820;26.09.2025 15:00;0
386880;26.09.2025 16:00;0
386940;26.09.2025 17:00;0
387000;26.09.2025 18:00;0
387060;26.09.2025 19:00;0
387120;26.09.2025 20:00;0
387180;26.09.2025 21:00;0
387240;26.09.2025 22:00;0
387300;26.09.2025 23:00;0
387360;27.09.2025 00:00;0
387420;27.09.2025 01:00;0
387480;27.09.2025 02:00;0
387540;27.09.2025 03:00;0
387600;27.09.2025 04:00;20
387660;27.09.2025 05:00;0
387720;27.09.2025 06:00;0
387780;27.09.2025 07:00;0
387840;27.09.2025 08:00;0
387900;27.09.2025 09:00;0
387960;27.09.2025 10:00;0
388020;27.09.2025 11:00;0
388080;27.09.2025 12:00;20
388140;27.09.2025 13:00;11.1610718355119
388200;27.09.2025 14:00;0
388260;27.09.2025 15:00;0
388320;27.09.2025 16:00;0
388380;27.09.2025 17:00;0
388440;27.09.2025 18:00;0
388500;27.09.2025 19:00;0
388560;27.09.2025 20:00;0
388620;27.09.2025 21:00;0
388680;27.09.2025 22:00;0
388740;27.09.2025 23:00;0
388800;28.09.2025 00:00;0
388860;28.09.2025 01:00;0
388920;28.09.2025 02:00;0
388980;28.09.2025 03:00;0
389040;28.09.2025 04:00;10
389100;28.09.2025 05:00;0
389160;28.09.2025 06:00;0
389220;28.09.2025 07:00;0
389280;28.09.2025 08:00;0
389340;28.09.2025 09:00;45
389400;28.09.2025 10:00;0
389460;28.09.2025 11:00;10
389520;28.09.2025 12:00;0
389580;28.09.2025 13:00;0
389640;28.09.2025 14:00;0
389700;28.09.2025 15:00;0
389760;28.09.2025 16:00;0
389820;28.09.2025 17:00;0
389880;28.09.2025 18:00;0
389940;28.09.2025 19:00;0
390000;28.09.2025 20:00;10
390060;28.09.2025 21:00;0
390120;28.09.2025 22:00;0
390180;28.09.2025 23:00;0
390240;29.09.2025 00:00;0
390300;29.09.2025 01:00;0
390360;29.09.2025 02:00;0
390420;29.09.2025 03:00;0
390480;29.09.2025 04:00;0
390540;29.09.2025 05:00;0
390600;29.09.2025 06:00;0
390660;29.09.2025 07:00;0
390720;29.09.2025 08:00;10
390780;29.09.2025 09:00;0
390840;29.09.2025 10:00;0
390900;29.09.2025 11:00;0
390960;29.09.2025 12:00;17.594219134358454
391020;29.09.2025 13:00;0
391080;29.09.2025 14:00;0
391140;29.09.2025 15:00;0
391200;29.09.2025 16:00;0
391260;29.09.2025 17:00;0
391320;29.09.2025 18:00;0
391380;29.09.2025 19:00;20
391440;29.09.2025 20:00;0
391500;29.09.2025 21:00;0
391560;29.09.2025 22:00;0
391620;29.09.2025 23:00;0
391680;30.09.2025 00:00;0
391740;30.09.2025 01:00;0
391800;30.09.2025 02:00;0
391860;30.09.2025 03:00;0
391920;30.09.2025 04:00;0
391980;30.09.2025 05:00;0
392040;30.09.2025 06:00;0
392100;30.09.2025 07:00;20
392160;30.09.2025 08:00;0
392220;30.09.2025 09:00;0
392280;30.09.2025 10:00;0
392340;30.09.2025 11:00;0
392400;30.09.2025 12:00;0
392460;30.09.2025 13:00;0
392520;30.09.2025 14:00;0
392580;30.09.2025 15:00;0
392640;30.09.2025 16:00;0
392700;30.09.2025 17:00;0
392760;30.09.2025 18:00;0
392820;30.09.2025 19:00;20
392880;30.09.2025 20:00;0
392940;30.09.2025 21:00;0
393000;30.09.2025 22:00;0
393060;30.09.2025 23:00;0
393120;01.10.2025 00:00;0
393180;01.10.2025 01:00;0
393240;01.10.2025 02:00;0
393300;01.10.2025 03:00;0
393360;01.10.2025 04:00;0
393420;01.10.2025 05:00;0
393480;01.10.2025 06:00;0
393540;01.10.2025 07:00;20
393600;01.10.2025 08:00;0
393660;01.10.2025 09:00;0
393720;01.10.2025 10:00;0
393780;01.10.2025 11:00;0
393840;01.10.2025 12:00;0
393900;01.10.2025 13:00;0
393960;01.10.2025 14:00;0
394020;01.10.2025 15:00;0
394080;01.10.2025 16:00;0
394140;01.10.2025 17:00;20.559346847201155
394200;01.10.2025 18:00;10
394260;01.10.2025 19:00;0
394320;01.10.2025 20:00;0
394380;01.10.2025 21:00;0
394440;01.10.2025 22:00;0
394500;01.10.2025 23:00;0
394560;02.10.2025 00:00;0
394620;02.10.2025 01:00;0
394680;02.10.2025 02:00;0
394740;02.10.2025 03:00;0
394800;02.10.2025 04:00;0
394860;02.10.2025 05:00;0
394920;02.10.2025 06:00;0
394980;02.10.2025 07:00;0
395040;02.10.2025 08:00;10
395100;02.10.2025 09:00;0
395160;02.10.2025 10:00;0
395220;02.10.2025 11:00;0
395280;02.10.2025 12:00;0
395340;02.10.2025 13:00;0
395400;02.10.2025 14:00;0
395460;02.10.2025 15:00;0
395520;02.10.2025 16:00;0
395580;02.10.2025 17:00;10
395640;02.10.2025 18:00;0
395700;02.10.2025 19:00;0
395760;02.10.2025 20:00;0
395820;02.10.2025 21:00;0
395880;02.10.2025 22:00;0
395940;02.10.2025 23:00;0
396000;03.10.2025 00:00;0
396060;03.10.2025 01:00;0
396120;03.10.2025 02:00;0
396180;03.10.2025 03:00;0
396240;03.10.2025 04:00;0
396300;03.10.2025 05:00;0
396360;03.10.2025 06:00;0
396420;03.10.2025 07:00;10
396480;03.10.2025 08:00;10
396540;03.10.2025 09:00;0
396600;03.10.2025 10:00;0
396660;03.10.2025 11:00;0
396720;03.10.2025 12:00;0
396780;03.10.2025 13:00;19.432946198508965
396840;03.10.2025 14:00;0
396900;03.10.2025 15:00;0
396960;03.10.2025 16:00;0
397020;03.10.2025 17:00;10
397080;03.10.2025 18:00;0
397140;03.10.2025 19:00;0
397200;03.10.2025 20:00;0
397260;03.10.2025 21:00;0
397320;03.10.2025 22:00;0
397380;03.10.2025 23:00;0
397440;04.10.2025 00:00;0
397500;04.10.2025 01:00;0
397560;04.10.2025 02:00;0
397620;04.10.2025 03:00;0
397680;04.10.2025 04:00;0
397740;04.10.2025 05:00;0
397800;04.10.2025 06:00;0
397860;04.10.2025 07:00;10
397920;04.10.2025 08:00;0
397980;04.10.2025 09:00;55
398040;04.10.2025 10:00;0
398100;04.10.2025 11:00;0
398160;04.10.2025 12:00;0
398220;04.10.2025 13:00;0
398280;04.10.2025 14:00;0
398340;04.10.2025 15:00;0
398400;04.10.2025 16:00;0
398460;04.10.2025 17:00;20
398520;04.10.2025 18:00;0
398580;04.10.2025 19:00;0
398640;04.10.2025 20:00;0
398700;04.10.2025 21:00;0
398760;04.10.2025 22:00;0
398820;04.10.2025 23:00;0
398880;05.10.2025 00:00;0
398940;05.10.2025 01:00;0
399000;05.10.2025 02:00;0
399060;05.10.2025 03:00;0
399120;05.10.2025 04:00;0
399180;05.10.2025 05:00;10
399240;05.10.2025 06:00;0
399300;05.10.2025 07:00;0
399360;05.10.2025 08:00;0
399420;05.10.2025 09:00;0
399480;05.10.2025 10:00;0
399540;05.10.2025 11:00;0
399600;05.10.2025 12:00;9.84756761370811
399660;05.10.2025 13:00;20
399720;05.10.2025 14:00;0
399780;05.10.2025 15:00;0
399840;05.10.2025 16:00;0
399900;05.10.2025 17:00;0
399960;05.10.2025 18:00;0
400020;05.10.2025 19:00;0
400080;05.10.2025 20:00;0
400140;05.10.2025 21:00;0
400200;05.10.2025 22:00;0
400260;05.10.2025 23:00;0
400320;06.10.2025 00:00;20
400380;06.10.2025 01:00;0
400440;06.10.2025 02:00;0
400500;06.10.2025 03:00;0
400560;06.10.2025 04:00;0
400620;06.10.2025 05:00;0
400680;06.10.2025 06:00;0
400740;06.10.2025 07:00;0
400800;06.10.2025 08:00;0
400860;06.10.2025 09:00;0
400920;06.10.2025 10:00;0
400980;06.10.2025 11:00;0
401040;06.10.2025 12:00;10
401100;06.10.2025 13:00;0
401160;06.10.2025 14:00;0
401220;06.10.2025 15:00;0
401280;06.10.2025 16:00;0
401340;06.10.2025 17:00;0
401400;06.10.2025 18:00;0
401460;06.10.2025 19:00;0
401520;06.10.2025 20:00;0
401580;06.10.2025 21:00;0
401640;06.10.2025 22:00;0
401700;06.10.2025 23:00;0
401760;07.10.2025 00:00;0
401820;07.10.2025 01:00;0
401880;07.10.2025 02:00;0
401940;07.10.2025 03:00;0
402000;07.10.2025 04:00;20
402060;07.10.2025 05:00;0
402120;07.10.2025 06:00;0
402180;07.10.2025 07:00;0
402240;07.10.2025 08:00;0
402300;07.10.2025 09:00;0
402360;07.10.2025 10:00;0
402420;07.10.2025 11:00;20
402480;07.10.2025 12:00;18.550704325517827
402540;07.10.2025 13:00;0
402600;07.10.2025 14:00;0
402660;07.10.2025 15:00;0
402720;07.10.2025 16:00;0
402780;07.10.2025 17:00;0
402840;07.10.2025 18:00;0
402900;07.10.2025 19:00;0
402960;07.10.2025 20:00;0
403020;07.10.2025 21:00;10
403080;07.10.2025 22:00;0
403140;07.10.2025 23:00;0
403200;08.10.2025 00:00;0
403260;08.10.2025 01:00;0
403320;08.10.2025 02:00;0
403380;08.10.2025 03:00;0
403440;08.10.2025 04:00;0
403500;08.10.2025 05:00;0
403560;08.10.2025 06:00;0
403620;08.10.2025 07:00;0
403680;08.10.2025 08:00;0
403740;08.10.2025 09:00;20
403800;08.10.2025 10:00;0
403860;08.10.2025 11:00;0
403920;08.10.2025 12:00;0
403980;08.10.2025 13:00;0
404040;08.10.2025 14:00;0
404100;08.10.2025 15:00;0
404160;08.10.2025 16:00;0
404220;08.10.2025 17:00;0
404280;08.10.2025 18:00;10
404340;08.10.2025 19:00;0
404400;08.10.2025 20:00;0
404460;08.10.2025 21:00;0
404520;08.10.2025 22:00;0
404580;08.10.2025 23:00;0
404640;09.10.2025 00:00;0
404700;09.10.2025 01:00;0
404760;09.10.2025 02:00;0
404820;09.10.2025 03:00;0
404880;09.10.2025 04:00;0
404940;09.10.2025 05:00;0
405000;09.10.2025 06:00;0
405060;09.10.2025 07:00;20
405120;09.10.2025 08:00;0
405180;09.10.2025 09:00;0
405240;09.10.2025 10:00;0
405300;09.10.2025 11:00;0
405360;09.10.2025 12:00;9.236285482671994
405420;09.10.2025 13:00;0
405480;09.10.2025 14:00;0
405540;09.10.2025 15:00;0
405600;09.10.2025 16:00;0
405660;09.10.2025 17:00;20
405720;09.10.2025 18:00;0
405780;09.10.2025 19:00;0
405840;09.10.2025 20:00;0
405900;09.10.2025 21:00;0
405960;09.10.2025 22:00;0
406020;09.10.2025 23:00;0
406080;10.10.2025 00:00;0
406140;10.10.2025 01:00;0
406200;10.10.2025 02:00;0
406260;10.10.2025 03:00;0
406320;10.10.2025 04:00;0
406380;10.10.2025 05:00;10
406440;10.10.2025 06:00;0
406500;10.10.2025 07:00;0
406560;10.10.2025 08:00;40
406620;10.10.2025 09:00;10
406680;10.10.2025 10:00;0
406740;10.10.2025 11:00;0
406800;10.10.2025 12:00;0
406860;10.10.2025 13:00;0
406920;10.10.2025 14:00;0
406980;10.10.2025 15:00;0
407040;10.10.2025 16:00;0
407100;10.10.2025 17:00;0
407160;10.10.2025 18:00;20
407220;10.10.2025 19:00;0
407280;10.10.2025 20:00;0
407340;10.10.2025 21:00;0
407400;10.10.2025 22:00;0
407460;10.10.2025 23:00;0
407520;11.10.2025 00:00;0
407580;11.10.2025 01:00;0
407640;11.10.2025 02:00;0
407700;11.10.2025 03:00;0
407760;11.10.2025 04:00;0
407820;11.10.2025 05:00;0
407880;11.10.2025 06:00;0
407940;11.10.2025 07:00;0
408000;11.10.2025 08:00;10
408060;11.10.2025 09:00;0
408120;11.10.2025 10:00;0
408180;11.10.2025 11:00;0
408240;11.10.2025 12:00;0
408300;11.10.2025 13:00;0
408360;11.10.2025 14:00;11.110867061508605
408420;11.10.2025 15:00;0
408480;11.10.2025 16:00;0
408540;11.10.2025 17:00;0
408600;11.10.2025 18:00;20
408660;11.10.2025 19:00;0
408720;11.10.2025 20:00;0
408780;11.10.2025 21:00;0
408840;11.10.2025 22:00;0
408900;11.10.2025 23:00;0
408960;12.10.2025 00:00;0
409020;12.10.2025 01:00;0
409080;12.10.2025 02:00;0
409140;12.10.2025 03:00;0
409200;12.10.2025 04:00;0
409260;12.10.2025 05:00;0
409320;12.10.2025 06:00;0
409380;12.10.2025 07:00;20
409440;12.10.2025 08:00;0
409500;12.10.2025 09:00;0
409560;12.10.2025 10:00;0
409620;12.10.2025 11:00;0
409680;12.10.2025 12:00;0
409740;12.10.2025 13:00;0
409800;12.10.2025 14:00;0
409860;12.10.2025 15:00;0
409920;12.10.2025 16:00;10
409980;12.10.2025 17:00;0
410040;12.10.2025 18:00;0
410100;12.10.2025 19:00;0
410160;12.10.2025 20:00;0
410220;12.10.2025 21:00;0
410280;12.10.2025 22:00;0
410340;12.10.2025 23:00;0
410400;13.10.2025 00:00;0
410460;13.10.2025 01:00;0
410520;13.10.2025 02:00;0
410580;13.10.2025 03:00;0
410640;13.10.2025 04:00;0
410700;13.10.2025 05:00;0
410760;13.10.2025 06:00;10
410820;13.10.2025 07:00;0
410880;13.10.2025 08:00;0
410940;13.10.2025 09:00;0
411000;13.10.2025 10:00;0
411060;13.10.2025 11:00;0
411120;13.10.2025 12:00;0
411180;13.10.2025 13:00;9.04802389726077
411240;13.10.2025 14:00;0
411300;13.10.2025 15:00;0
411360;13.10.2025 16:00;0
411420;13.10.2025 17:00;0
411480;13.10.2025 18:00;10
411540;13.10.2025 19:00;0
411600;13.10.2025 20:00;0
411660;13.10.2025 21:00;0
411720;13.10.2025 22:00;0
411780;13.10.2025 23:00;0
411840;14.10.2025 00:00;0
411900;14.10.2025 01:00;0
411960;14.10.2025 02:00;0
412020;14.10.2025 03:00;0
412080;14.10.2025 04:00;0
412140;14.10.2025 05:00;0
412200;14.10.2025 06:00;0
412260;14.10.2025 07:00;10
412320;14.10.2025 08:00;0
412380;14.10.2025 09:00;0
412440;14.10.2025 10:00;0
412500;14.10.2025 11:00;0
412560;14.10.2025 12:00;0
412620;14.10.2025 13:00;0
412680;14.10.2025 14:00;0
412740;14.10.2025 15:00;0
412800;14.10.2025 16:00;0
412860;14.10.2025 17:00;20
412920;14.10.2025 18:00;0
412980;14.10.2025 19:00;0
413040;14.10.2025 20:00;0
413100;14.10.2025 21:00;0
413160;14.10.2025 22:00;0
413220;14.10.2025 23:00;0
413280;15.10.2025 00:00;0
413340;15.10.2025 01:00;0
413400;15.10.2025 02:00;0
413460;15.10.2025 03:00;0
413520;15.10.2025 04:00;0
413580;15.10.2025 05:00;0
413640;15.10.2025 06:00;0
413700;15.10.2025 07:00;0
413760;15.10.2025 08:00;20
413820;15.10.2025 09:00;0
413880;15.10.2025 10:00;0
413940;15.10.2025 11:00;0
414000;15.10.2025 12:00;0
414060;15.10.2025 13:00;0
414120;15.10.2025 14:00;0
414180;15.10.2025 15:00;0
414240;15.10.2025 16:00;0
414300;15.10.2025 17:00;0
414360;15.10.2025 18:00;9.85498078458707
414420;15.10.2025 19:00;10
414480;15.10.2025 20:00;0
414540;15.10.2025 21:00;0
414600;15.10.2025 22:00;0
414660;15.10.2025 23:00;0
414720;16.10.2025 00:00;0
414780;16.10.2025 01:00;0
414840;16.10.2025 02:00;0
414900;16.10.2025 03:00;0
414960;16.10.2025 04:00;0
415020;16.10.2025 05:00;0
415080;16.10.2025 06:00;0
415140;16.10.2025 07:00;20
415200;16.10.2025 08:00;0
415260;16.10.2025 09:00;0
415320;16.10.2025 10:00;55
415380;16.10.2025 11:00;0
415440;16.10.2025 12:00;0
415500;16.10.2025 13:00;0
415560;16.10.2025 14:00;0
415620;16.10.2025 15:00;10
415680;16.10.2025 16:00;0
415740;16.10.2025 17:00;0
415800;16.10.2025 18:00;0
415860;16.10.2025 19:00;0
415920;16.10.2025 20:00;0
415980;16.10.2025 21:00;0
416040;16.10.2025 22:00;0
416100;16.10.2025 23:00;0
416160;17.10.2025 00:00;0
416220;17.10.2025 01:00;0
416280;17.10.2025 02:00;0
416340;17.10.2025 03:00;0
416400;17.10.2025 04:00;0
416460;17.10.2025 05:00;10
416520;17.10.2025 06:00;0
416580;17.10.2025 07:00;0
416640;17.10.2025 08:00;0
416700;17.10.2025 09:00;0
416760;17.10.2025 10:00;0
416820;17.10.2025 11:00;0
416880;17.10.2025 12:00;0
416940;17.10.2025 13:00;0
417000;17.10.2025 14:00;0
417060;17.10.2025 15:00;0
417120;17.10.2025 16:00;0
417180;17.10.2025 17:00;20.817612156118624
417240;17.10.2025 18:00;0
417300;17.10.2025 19:00;0
417360;17.10.2025 20:00;0
417420;17.10.2025 21:00;0
417480;17.10.2025 22:00;0
417540;17.10.2025 23:00;0
417600;18.10.2025 00:00;0
417660;18.10.2025 01:00;0
417720;18.10.2025 02:00;0
417780;18.10.2025 03:00;0
417840;18.10.2025 04:00;10
417900;18.10.2025 05:00;0
417960;18.10.2025 06:00;0
418020;18.10.2025 07:00;0
418080;18.10.2025 08:00;0
418140;18.10.2025 09:00;0
418200;18.10.2025 10:00;0
418260;18.10.2025 11:00;0
418320;18.10.2025 12:00;0
418380;18.10.2025 13:00;20
418440;18.10.2025 14:00;0
418500;18.10.2025 15:00;0
418560;18.10.2025 16:00;0
418620;18.10.2025 17:00;0
418680;18.10.2025 18:00;0
418740;18.10.2025 19:00;0
418800;18.10.2025 20:00;0
418860;18.10.2025 21:00;0
418920;18.10.2025 22:00;0
418980;18.10.2025 23:00;0
419040;19.10.2025 00:00;0
419100;19.10.2025 01:00;0
419160;19.10.2025 02:00;0
419220;19.10.2025 03:00;0
419280;19.10.2025 04:00;10
419340;19.10.2025 05:00;0
419400;19.10.2025 06:00;0
419460;19.10.2025 07:00;0
419520;19.10.2025 08:00;0
419580;19.10.2025 09:00;0
419640;19.10.2025 10:00;0
419700;19.10.2025 11:00;0
419760;19.10.2025 12:00;29.076725812395928
419820;19.10.2025 13:00;0
419880;19.10.2025 14:00;0
419940;19.10.2025 15:00;0
420000;19.10.2025 16:00;0
420060;19.10.2025 17:00;0
420120;19.10.2025 18:00;0
420180;19.10.2025 19:00;0
420240;19.10.2025 20:00;0
420300;19.10.2025 21:00;10
420360;19.10.2025 22:00;0
420420;19.10.2025 23:00;0
420480;20.10.2025 00:00;0
420540;20.10.2025 01:00;0
420600;20.10.2025 02:00;0
420660;20.10.2025 03:00;0
420720;20.10.2025 04:00;0
420780;20.10.2025 05:00;0
420840;20.10.2025 06:00;0
420900;20.10.2025 07:00;0
420960;20.10.2025 08:00;0
421020;20.10.2025 09:00;35
421080;20.10.2025 10:00;35
421140;20.10.2025 11:00;0
421200;20.10.2025 12:00;0
421260;20.10.2025 13:00;0
421320;20.10.2025 14:00;0
421380;20.10.2025 15:00;0
421440;20.10.2025 16:00;0
421500;20.10.2025 17:00;0
421560;20.10.2025 18:00;0
421620;20.10.2025 19:00;0
421680;20.10.2025 20:00;20
421740;20.10.2025 21:00;0
421800;20.10.2025 22:00;0
421860;20.10.2025 23:00;0
421920;21.10.2025 00:00;0
421980;21.10.2025 01:00;0
422040;21.10.2025 02:00;0
422100;21.10.2025 03:00;0
422160;21.10.2025 04:00;0
422220;21.10.2025 05:00;0
422280;21.10.2025 06:00;0
422340;21.10.2025 07:00;0
422400;21.10.2025 08:00;0
422460;21.10.2025 09:00;20
422520;21.10.2025 10:00;0
422580;21.10.2025 11:00;0
422640;21.10.2025 12:00;0
422700;21.10.2025 13:00;9.867380293676744
422760;21.10.2025 14:00;0
422820;21.10.2025 15:00;0
422880;21.10.2025 16:00;0
422940;21.10.2025 17:00;10
423000;21.10.2025 18:00;0
423060;21.10.2025 19:00;0
423120;21.10.2025 20:00;0
423180;21.10.2025 21:00;0
423240;21.10.2025 22:00;0
423300;21.10.2025 23:00;0
423360;22.10.2025 00:00;0
423420;22.10.2025 01:00;0
423480;22.10.2025 02:00;0
423540;22.10.2025 03:00;0
423600;22.10.2025 04:00;0
423660;22.10.2025 05:00;10
423720;22.10.2025 06:00;0
423780;22.10.2025 07:00;0
423840;22.10.2025 08:00;0
423900;22.10.2025 09:00;50
423960;22.10.2025 10:00;0
424020;22.10.2025 11:00;0
424080;22.10.2025 12:00;0
424140;22.10.2025 13:00;0
424200;22.10.2025 14:00;0
424260;22.10.2025 15:00;0
424320;22.10.2025 16:00;0
424380;22.10.2025 17:00;20
424440;22.10.2025 18:00;0
424500;22.10.2025 19:00;0
424560;22.10.2025 20:00;9.348551194480963
424620;22.10.2025 21:00;0
424680;22.10.2025 22:00;0
424740;22.10.2025 23:00;0
424800;23.10.2025 00:00;0
424860;23.10.2025 01:00;0
424920;23.10.2025 02:00;0
424980;23.10.2025 03:00;0
425040;23.10.2025 04:00;10
425100;23.10.2025 05:00;0
425160;23.10.2025 06:00;0
425220;23.10.2025 07:00;0
425280;23.10.2025 08:00;0
425340;23.10.2025 09:00;0
425400;23.10.2025 10:00;0
425460;23.10.2025 11:00;0
425520;23.10.2025 12:00;0
425580;23.10.2025 13:00;0
425640;23.10.2025 14:00;0
425700;23.10.2025 15:00;0
425760;23.10.2025 16:00;10
425820;23.10.2025 17:00;0
425880;23.10.2025 18:00;0
425940;23.10.2025 19:00;0
426000;23.10.2025 20:00;0
426060;23.10.2025 21:00;0
426120;23.10.2025 22:00;0
426180;23.10.2025 23:00;0
426240;24.10.2025 00:00;0
426300;24.10.2025 01:00;0
426360;24.10.2025 02:00;0
426420;24.10.2025 03:00;0
426480;24.10.2025 04:00;20
426540;24.10.2025 05:00;0
426600;24.10.2025 06:00;0
426660;24.10.2025 07:00;0
426720;24.10.2025 08:00;0
426780;24.10.2025 09:00;0
426840;24.10.2025 10:00;0
426900;24.10.2025 11:00;0
426960;24.10.2025 12:00;0
427020;24.10.2025 13:00;10
427080;24.10.2025 14:00;0
427140;24.10.2025 15:00;0
427200;24.10.2025 16:00;0
427260;24.10.2025 17:00;0
427320;24.10.2025 18:00;0
427380;24.10.2025 19:00;0
427440;24.10.2025 20:00;0
427500;24.10.2025 21:00;0
427560;24.10.2025 22:00;0
427620;24.10.2025 23:00;0
427680;25.10.2025 00:00;0
427740;25.10.2025 01:00;0
427800;25.10.2025 02:00;0
427860;25.10.2025 03:00;0
427920;25.10.2025 04:00;0
427980;25.10.2025 05:00;0
428040;25.10.2025 06:00;20
428100;25.10.2025 07:00;0
428160;25.10.2025 08:00;0
428220;25.10.2025 09:00;0
428280;25.10.2025 10:00;0
428340;25.10.2025 11:00;0
428400;25.10.2025 12:00;0
428460;25.10.2025 13:00;9.47551416743159
428520;25.10.2025 14:00;10
428580;25.10.2025 15:00;0
428640;25.10.2025 16:00;0
428700;25.10.2025 17:00;0
428760;25.10.2025 18:00;0
428820;25.10.2025 19:00;0
428880;25.10.2025 20:00;0
428940;25.10.2025 21:00;0
429000;25.10.2025 22:00;0
429060;25.10.2025 23:00;0
429120;26.10.2025 00:00;0
429180;26.10.2025 01:00;0
429240;26.10.2025 02:00;0
429300;26.10.2025 03:00;0
429360;26.10.2025 04:00;10
429420;26.10.2025 05:00;0
429480;26.10.2025 06:00;0
429540;26.10.2025 07:00;0
429600;26.10.2025 08:00;0
429660;26.10.2025 09:00;0
429720;26.10.2025 10:00;0
429780;26.10.2025 11:00;0
429840;26.10.2025 12:00;20
429900;26.10.2025 13:00;0
429960;26.10.2025 14:00;0
430020;26.10.2025 15:00;0
430080;26.10.2025 16:00;0
430140;26.10.2025 17:00;0
430200;26.10.2025 18:00;0
430260;26.10.2025 19:00;0
430320;26.10.2025 20:00;0
430380;26.10.2025 21:00;0
430440;26.10.2025 22:00;0
430500;26.10.2025 23:00;0
430560;27.10.2025 00:00;0
430620;27.10.2025 01:00;0
430680;27.10.2025 02:00;0
430740;27.10.2025 03:00;0
430800;27.10.2025 04:00;20
430860;27.10.2025 05:00;0
430920;27.10.2025 06:00;0
430980;27.10.2025 07:00;0
431040;27.10.2025 08:00;0
431100;27.10.2025 09:00;55
431160;27.10.2025 10:00;0
431220;27.10.2025 11:00;0
431280;27.10.2025 12:00;0
431340;27.10.2025 13:00;20
431400;27.10.2025 14:00;0
431460;27.10.2025 15:00;0
431520;27.10.2025 16:00;0
431580;27.10.2025 17:00;0
431640;27.10.2025 18:00;20.369998663228294
431700;27.10.2025 19:00;0
431760;27.10.2025 20:00;0
431820;27.10.2025 21:00;0
431880;27.10.2025 22:00;0
431940;27.10.2025 23:00;0
432000;28.10.2025 00:00;0
432060;28.10.2025 01:00;0
432120;28.10.2025 02:00;0
432180;28.10.2025 03:00;0
432240;28.10.2025 04:00;0
432300;28.10.2025 05:00;20
432360;28.10.2025 06:00;0
432420;28.10.2025 07:00;0
432480;28.10.2025 08:00;0
432540;28.10.2025 09:00;0
432600;28.10.2025 10:00;0
432660;28.10.2025 11:00;0
432720;28.10.2025 12:00;0
432780;28.10.2025 13:00;0
432840;28.10.2025 14:00;20
432900;28.10.2025 15:00;0
432960;28.10.2025 16:00;0
433020;28.10.2025 17:00;0
433080;28.10.2025 18:00;0
433140;28.10.2025 19:00;0
433200;28.10.2025 20:00;0
433260;28.10.2025 21:00;0
433320;28.10.2025 22:00;0
433380;28.10.2025 23:00;0
433440;29.10.2025 00:00;0
433500;29.10.2025 01:00;0
433560;29.10.2025 02:00;0
433620;29.10.2025 03:00;10
433680;29.10.2025 04:00;0
433740;29.10.2025 05:00;0
433800;29.10.2025 06:00;0
433860;29.10.2025 07:00;0
433920;29.10.2025 08:00;0
433980;29.10.2025 09:00;0
434040;29.10.2025 10:00;0
434100;29.10.2025 11:00;0
434160;29.10.2025 12:00;20
434220;29.10.2025 13:00;0
434280;29.10.2025 14:00;0
434340;29.10.2025 15:00;0
434400;29.10.2025 16:00;0
434460;29.10.2025 17:00;10.385597341733204
434520;29.10.2025 18:00;0
434580;29.10.2025 19:00;0
434640;29.10.2025 20:00;0
434700;29.10.2025 21:00;0
434760;29.10.2025 22:00;0
434820;29.10.2025 23:00;0
434880;30.10.2025 00:00;0
434940;30.10.2025 01:00;0
435000;30.10.2025 02:00;0
435060;30.10.2025 03:00;0
435120;30.10.2025 04:00;10
435180;30.10.2025 05:00;10
435240;30.10.2025 06:00;0
435300;30.10.2025 07:00;0
435360;30.10.2025 08:00;0
435420;30.10.2025 09:00;0
435480;30.10.2025 10:00;0
435540;30.10.2025 11:00;0
435600;30.10.2025 12:00;0
435660;30.10.2025 13:00;20
435720;30.10.2025 14:00;0
435780;30.10.2025 15:00;0
435840;30.10.2025 16:00;0
435900;30.10.2025 17:00;0
435960;30.10.2025 18:00;0
436020;30.10.2025 19:00;0
436080;30.10.2025 20:00;0
436140;30.10.2025 21:00;0
436200;30.10.2025 22:00;10
436260;30.10.2025 23:00;0
436320;31.10.2025 00:00;0
436380;31.10.2025 01:00;0
436440;31.10.2025 02:00;0
436500;31.10.2025 03:00;0
436560;31.10.2025 04:00;0
436620;31.10.2025 05:00;0
436680;31.10.2025 06:00;0
436740;31.10.2025 07:00;0
436800;31.10.2025 08:00;0
436860;31.10.2025 09:00;20
436920;31.10.2025 10:00;0
436980;31.10.2025 11:00;0
437040;31.10.2025 12:00;0
437100;31.10.2025 13:00;8.100717568307822
437160;31.10.2025 14:00;0
437220;31.10.2025 15:00;0
437280;31.10.2025 16:00;0
437340;31.10.2025 17:00;0
437400;31.10.2025 18:00;0
437460;31.10.2025 19:00;20
437520;31.10.2025 20:00;0
437580;31.10.2025 21:00;0
437640;31.10.2025 22:00;0
437700;31.10.2025 23:00;0
437760;01.11.2025 00:00;0
437820;01.11.2025 01:00;0
437880;01.11.2025 02:00;0
437940;01.11.2025 03:00;0
438000;01.11.2025 04:00;0
438060;01.11.2025 05:00;0
438120;01.11.2025 06:00;0
438180;01.11.2025 07:00;10
438240;01.11.2025 08:00;0
438300;01.11.2025 09:00;0
438360;01.11.2025 10:00;0
438420;01.11.2025 11:00;0
438480;01.11.2025 12:00;0
438540;01.11.2025 13:00;0
438600;01.11.2025 14:00;0
438660;01.11.2025 15:00;0
438720;01.11.2025 16:00;20
438780;01.11.2025 17:00;0
438840;01.11.2025 18:00;0
438900;01.11.2025 19:00;0
438960;01.11.2025 20:00;0
439020;01.11.2025 21:00;0
439080;01.11.2025 22:00;0
439140;01.11.2025 23:00;0
439200;02.11.2025 00:00;0
439260;02.11.2025 01:00;0
439320;02.11.2025 02:00;0
439380;02.11.2025 03:00;0
439440;02.11.2025 04:00;0
439500;02.11.2025 05:00;0
439560;02.11.2025 06:00;0
439620;02.11.2025 07:00;0
439680;02.11.2025 08:00;0
439740;02.11.2025 09:00;0
439800;02.11.2025 10:00;0
439860;02.11.2025 11:00;0
439920;02.11.2025 12:00;0
439980;02.11.2025 13:00;0
440040;02.11.2025 14:00;0
440100;02.11.2025 15:00;0
440160;02.11.2025 16:00;0
440220;02.11.2025 17:00;0
440280;02.11.2025 18:00;0
440340;02.11.2025 19:00;0
440400;02.11.2025 20:00;0
440460;02.11.2025 21:00;0
440520;02.11.2025 22:00;0
440580;02.11.2025 23:00;0
440640;03.11.2025 00:00;0
440700;03.11.2025 01:00;0
440760;03.11.2025 02:00;0
440820;03.11.2025 03:00;0
440880;03.11.2025 04:00;0
440940;03.11.2025 05:00;0
441000;03.11.2025 06:00;0
441060;03.11.2025 07:00;0
441120;03.11.2025 08:00;0
441180;03.11.2025 09:00;0
441240;03.11.2025 10:00;0
441300;03.11.2025 11:00;0
441360;03.11.2025 12:00;0
441420;03.11.2025 13:00;0
441480;03.11.2025 14:00;0
441540;03.11.2025 15:00;0
441600;03.11.2025 16:00;0
441660;03.11.2025 17:00;0
441720;03.11.2025 18:00;0
441780;03.11.2025 19:00;0
441840;03.11.2025 20:00;0
441900;03.11.2025 21:00;0
441960;03.11.2025 22:00;0
442020;03.11.2025 23:00;0
442080;04.11.2025 00:00;0
442140;04.11.2025 01:00;0
442200;04.11.2025 02:00;0
442260;04.11.2025 03:00;0
442320;04.11.2025 04:00;0
442380;04.11.2025 05:00;0
442440;04.11.2025 06:00;0
442500;04.11.2025 07:00;0
442560;04.11.2025 08:00;0
442620;04.11.2025 09:00;0
442680;04.11.2025 10:00;0
442740;04.11.2025 11:00;0
442800;04.11.2025 12:00;0
442860;04.11.2025 13:00;0
442920;04.11.2025 14:00;0
442980;04.11.2025 15:00;0
443040;04.11.2025 16:00;0
443100;04.11.2025 17:00;0
443160;04.11.2025 18:00;0
443220;04.11.2025 19:00;0
443280;04.11.2025 20:00;0
443340;04.11.2025 21:00;0
443400;04.11.2025 22:00;0
443460;04.11.2025 23:00;0
443520;05.11.2025 00:00;0
443580;05.11.2025 01:00;0
443640;05.11.2025 02:00;0
443700;05.11.2025 03:00;0
443760;05.11.2025 04:00;0
443820;05.11.2025 05:00;0
443880;05.11.2025 06:00;0
443940;05.11.2025 07:00;0
444000;05.11.2025 08:00;0
444060;05.11.2025 09:00;0
444120;05.11.2025 10:00;0
444180;05.11.2025 11:00;0
444240;05.11.2025 12:00;0
444300;05.11.2025 13:00;0
444360;05.11.2025 14:00;0
444420;05.11.2025 15:00;0
444480;05.11.2025 16:00;0
444540;05.11.2025 17:00;0
444600;05.11.2025 18:00;0
444660;05.11.2025 19:00;0
444720;05.11.2025 20:00;0
444780;05.11.2025 21:00;0
444840;05.11.2025 22:00;0
444900;05.11.2025 23:00;0
444960;06.11.2025 00:00;0
445020;06.11.2025 01:00;0
445080;06.11.2025 02:00;0
445140;06.11.2025 03:00;0
445200;06.11.2025 04:00;0
445260;06.11.2025 05:00;0
445320;06.11.2025 06:00;0
445380;06.11.2025 07:00;0
445440;06.11.2025 08:00;0
445500;06.11.2025 09:00;0
445560;06.11.2025 10:00;0
445620;06.11.2025 11:00;0
445680;06.11.2025 12:00;0
445740;06.11.2025 13:00;0
445800;06.11.2025 14:00;0
445860;06.11.2025 15:00;0
445920;06.11.2025 16:00;0
445980;06.11.2025 17:00;0
446040;06.11.2025 18:00;0
446100;06.11.2025 19:00;0
446160;06.11.2025 20:00;0
446220;06.11.2025 21:00;0
446280;06.11.2025 22:00;0
446340;06.11.2025 23:00;0
446400;07.11.2025 00:00;0
446460;07.11.2025 01:00;0
446520;07.11.2025 02:00;0
446580;07.11.2025 03:00;0
446640;07.11.2025 04:00;0
446700;07.11.2025 05:00;0
446760;07.11.2025 06:00;0
446820;07.11.2025 07:00;0
446880;07.11.2025 08:00;0
446940;07.11.2025 09:00;0
447000;07.11.2025 10:00;0
447060;07.11.2025 11:00;0
447120;07.11.2025 12:00;0
447180;07.11.2025 13:00;0
447240;07.11.2025 14:00;0
447300;07.11.2025 15:00;0
447360;07.11.2025 16:00;0
447420;07.11.2025 17:00;39.84926794618895
447480;07.11.2025 18:00;0
447540;07.11.2025 19:00;0
447600;07.11.2025 20:00;0
447660;07.11.2025 21:00;0
447720;07.11.2025 22:00;0
447780;07.11.2025 23:00;0
447840;08.11.2025 00:00;0
447900;08.11.2025 01:00;0
447960;08.11.2025 02:00;0
448020;08.11.2025 03:00;0
448080;08.11.2025 04:00;0
448140;08.11.2025 05:00;10
448200;08.11.2025 06:00;0
448260;08.11.2025 07:00;0
448320;08.11.2025 08:00;0
448380;08.11.2025 09:00;0
448440;08.11.2025 10:00;60
448500;08.11.2025 11:00;0
448560;08.11.2025 12:00;0
448620;08.11.2025 13:00;0
448680;08.11.2025 14:00;10
448740;08.11.2025 15:00;0
448800;08.11.2025 16:00;0
448860;08.11.2025 17:00;0
448920;08.11.2025 18:00;0
448980;08.11.2025 19:00;0
449040;08.11.2025 20:00;0
449100;08.11.2025 21:00;0
449160;08.11.2025 22:00;0
449220;08.11.2025 23:00;0
449280;09.11.2025 00:00;0
449340;09.11.2025 01:00;0
449400;09.11.2025 02:00;0
449460;09.11.2025 03:00;0
449520;09.11.2025 04:00;10
449580;09.11.2025 05:00;0
449640;09.11.2025 06:00;0
449700;09.11.2025 07:00;0
449760;09.11.2025 08:00;0
449820;09.11.2025 09:00;0
449880;09.11.2025 10:00;0
449940;09.11.2025 11:00;0
450000;09.11.2025 12:00;0
450060;09.11.2025 13:00;20
450120;09.11.2025 14:00;0
450180;09.11.2025 15:00;20.207863105473542
450240;09.11.2025 16:00;0
450300;09.11.2025 17:00;0
450360;09.11.2025 18:00;0
450420;09.11.2025 19:00;0
450480;09.11.2025 20:00;0
450540;09.11.2025 21:00;0
450600;09.11.2025 22:00;0
450660;09.11.2025 23:00;0
450720;10.11.2025 00:00;0
450780;10.11.2025 01:00;0
450840;10.11.2025 02:00;0
450900;10.11.2025 03:00;0
450960;10.11.2025 04:00;10
451020;10.11.2025 05:00;0
451080;10.11.2025 06:00;0
451140;10.11.2025 07:00;0
451200;10.11.2025 08:00;0
451260;10.11.2025 09:00;0
451320;10.11.2025 10:00;0
451380;10.11.2025 11:00;0
451440;10.11.2025 12:00;0
451500;10.11.2025 13:00;0
451560;10.11.2025 14:00;0
451620;10.11.2025 15:00;0
451680;10.11.2025 16:00;0
451740;10.11.2025 17:00;0
451800;10.11.2025 18:00;10
451860;10.11.2025 19:00;0
451920;10.11.2025 20:00;0
451980;10.11.2025 21:00;0
452040;10.11.2025 22:00;0
452100;10.11.2025 23:00;0
452160;11.11.2025 00:00;0
452220;11.11.2025 01:00;0
452280;11.11.2025 02:00;0
452340;11.11.2025 03:00;0
452400;11.11.2025 04:00;0
452460;11.11.2025 05:00;0
452520;11.11.2025 06:00;20
452580;11.11.2025 07:00;0
452640;11.11.2025 08:00;0
452700;11.11.2025 09:00;0
452760;11.11.2025 10:00;0
452820;11.11.2025 11:00;0
452880;11.11.2025 12:00;19.954283633072173
452940;11.11.2025 13:00;0
453000;11.11.2025 14:00;10
453060;11.11.2025 15:00;0
453120;11.11.2025 16:00;0
453180;11.11.2025 17:00;0
453240;11.11.2025 18:00;0
453300;11.11.2025 19:00;0
453360;11.11.2025 20:00;0
453420;11.11.2025 21:00;0
453480;11.11.2025 22:00;0
453540;11.11.2025 23:00;0
453600;12.11.2025 00:00;0
453660;12.11.2025 01:00;0
453720;12.11.2025 02:00;0
453780;12.11.2025 03:00;0
453840;12.11.2025 04:00;20
453900;12.11.2025 05:00;0
453960;12.11.2025 06:00;0
454020;12.11.2025 07:00;0
454080;12.11.2025 08:00;0
454140;12.11.2025 09:00;0
454200;12.11.2025 10:00;0
454260;12.11.2025 11:00;0
454320;12.11.2025 12:00;0
454380;12.11.2025 13:00;20
454440;12.11.2025 14:00;0
454500;12.11.2025 15:00;0
454560;12.11.2025 16:00;0
454620;12.11.2025 17:00;0
454680;12.11.2025 18:00;0
454740;12.11.2025 19:00;0
454800;12.11.2025 20:00;0
454860;12.11.2025 21:00;0
454920;12.11.2025 22:00;0
454980;12.11.2025 23:00;0
455040;13.11.2025 00:00;0
455100;13.11.2025 01:00;0
455160;13.11.2025 02:00;0
455220;13.11.2025 03:00;0
455280;13.11.2025 04:00;10
455340;13.11.2025 05:00;0
455400;13.11.2025 06:00;0
455460;13.11.2025 07:00;0
455520;13.11.2025 08:00;50
455580;13.11.2025 09:00;0
455640;13.11.2025 10:00;0
455700;13.11.2025 11:00;0
455760;13.11.2025 12:00;20
455820;13.11.2025 13:00;0
455880;13.11.2025 14:00;0
455940;13.11.2025 15:00;20.881126939250123
456000;13.11.2025 16:00;0
456060;13.11.2025 17:00;0
456120;13.11.2025 18:00;0
456180;13.11.2025 19:00;0
456240;13.11.2025 20:00;0
456300;13.11.2025 21:00;10
456360;13.11.2025 22:00;0
456420;13.11.2025 23:00;0
456480;14.11.2025 00:00;0
456540;14.11.2025 01:00;0
456600;14.11.2025 02:00;0
456660;14.11.2025 03:00;0
456720;14.11.2025 04:00;0
456780;14.11.2025 05:00;0
456840;14.11.2025 06:00;0
456900;14.11.2025 07:00;0
456960;14.11.2025 08:00;20
457020;14.11.2025 09:00;0
457080;14.11.2025 10:00;0
457140;14.11.2025 11:00;0
457200;14.11.2025 12:00;0
457260;14.11.2025 13:00;0
457320;14.11.2025 14:00;0
457380;14.11.2025 15:00;0
457440;14.11.2025 16:00;0
457500;14.11.2025 17:00;0
457560;14.11.2025 18:00;0
457620;14.11.2025 19:00;10
457680;14.11.2025 20:00;0
457740;14.11.2025 21:00;0
457800;14.11.2025 22:00;0
457860;14.11.2025 23:00;0
457920;15.11.2025 00:00;0
457980;15.11.2025 01:00;0
458040;15.11.2025 02:00;0
458100;15.11.2025 03:00;0
458160;15.11.2025 04:00;0
458220;15.11.2025 05:00;0
458280;15.11.2025 06:00;0
458340;15.11.2025 07:00;0
458400;15.11.2025 08:00;20
458460;15.11.2025 09:00;0
458520;15.11.2025 10:00;0
458580;15.11.2025 11:00;0
458640;15.11.2025 12:00;0
458700;15.11.2025 13:00;0
458760;15.11.2025 14:00;0
458820;15.11.2025 15:00;10.878471590328573
458880;15.11.2025 16:00;0
458940;15.11.2025 17:00;10
459000;15.11.2025 18:00;0
459060;15.11.2025 19:00;0
459120;15.11.2025 20:00;0
459180;15.11.2025 21:00;0
459240;15.11.2025 22:00;0
459300;15.11.2025 23:00;0
459360;16.11.2025 00:00;0
459420;16.11.2025 01:00;0
459480;16.11.2025 02:00;0
459540;16.11.2025 03:00;0
459600;16.11.2025 04:00;10
459660;16.11.2025 05:00;0
459720;16.11.2025 06:00;0
459780;16.11.2025 07:00;0
459840;16.11.2025 08:00;0
459900;16.11.2025 09:00;0
459960;16.11.2025 10:00;0
460020;16.11.2025 11:00;0
460080;16.11.2025 12:00;20
460140;16.11.2025 13:00;0
460200;16.11.2025 14:00;0
460260;16.11.2025 15:00;0
460320;16.11.2025 16:00;0
460380;16.11.2025 17:00;0
460440;16.11.2025 18:00;0
460500;16.11.2025 19:00;0
460560;16.11.2025 20:00;0
460620;16.11.2025 21:00;0
460680;16.11.2025 22:00;0
460740;16.11.2025 23:00;0
460800;17.11.2025 00:00;0
460860;17.11.2025 01:00;0
460920;17.11.2025 02:00;0
460980;17.11.2025 03:00;0
461040;17.11.2025 04:00;10
461100;17.11.2025 05:00;0
461160;17.11.2025 06:00;0
461220;17.11.2025 07:00;0
461280;17.11.2025 08:00;0
461340;17.11.2025 09:00;0
461400;17.11.2025 10:00;0
461460;17.11.2025 11:00;0
461520;17.11.2025 12:00;0
461580;17.11.2025 13:00;32.763758723865294
461640;17.11.2025 14:00;0
461700;17.11.2025 15:00;0
461760;17.11.2025 16:00;0
461820;17.11.2025 17:00;0
461880;17.11.2025 18:00;0
461940;17.11.2025 19:00;0
462000;17.11.2025 20:00;0
462060;17.11.2025 21:00;0
462120;17.11.2025 22:00;0
462180;17.11.2025 23:00;0
462240;18.11.2025 00:00;0
462300;18.11.2025 01:00;0
462360;18.11.2025 02:00;0
462420;18.11.2025 03:00;0
462480;18.11.2025 04:00;10
462540;18.11.2025 05:00;0
462600;18.11.2025 06:00;0
462660;18.11.2025 07:00;0
462720;18.11.2025 08:00;0
462780;18.11.2025 09:00;0
462840;18.11.2025 10:00;0
462900;18.11.2025 11:00;0
462960;18.11.2025 12:00;0
463020;18.11.2025 13:00;20
463080;18.11.2025 14:00;0
463140;18.11.2025 15:00;0
463200;18.11.2025 16:00;0
463260;18.11.2025 17:00;0
463320;18.11.2025 18:00;0
463380;18.11.2025 19:00;0
463440;18.11.2025 20:00;0
463500;18.11.2025 21:00;20
463560;18.11.2025 22:00;0
463620;18.11.2025 23:00;0
463680;19.11.2025 00:00;0
463740;19.11.2025 01:00;0
463800;19.11.2025 02:00;0
463860;19.11.2025 03:00;0
463920;19.11.2025 04:00;0
463980;19.11.2025 05:00;0
464040;19.11.2025 06:00;0
464100;19.11.2025 07:00;0
464160;19.11.2025 08:00;0
464220;19.11.2025 09:00;45
464280;19.11.2025 10:00;70
464340;19.11.2025 11:00;8.730642526338352
464400;19.11.2025 12:00;0
464460;19.11.2025 13:00;0
464520;19.11.2025 14:00;0
464580;19.11.2025 15:00;0
464640;19.11.2025 16:00;0
464700;19.11.2025 17:00;0
464760;19.11.2025 18:00;0
464820;19.11.2025 19:00;0
464880;19.11.2025 20:00;20
464940;19.11.2025 21:00;0
465000;19.11.2025 22:00;0
465060;19.11.2025 23:00;0
465120;20.11.2025 00:00;0
465180;20.11.2025 01:00;0
465240;20.11.2025 02:00;0
465300;20.11.2025 03:00;0
465360;20.11.2025 04:00;0
465420;20.11.2025 05:00;0
465480;20.11.2025 06:00;0
465540;20.11.2025 07:00;20
465600;20.11.2025 08:00;0
465660;20.11.2025 09:00;0
465720;20.11.2025 10:00;0
465780;20.11.2025 11:00;0
465840;20.11.2025 12:00;0
465900;20.11.2025 13:00;0
465960;20.11.2025 14:00;0
466020;20.11.2025 15:00;0
466080;20.11.2025 16:00;0
466140;20.11.2025 17:00;10
466200;20.11.2025 18:00;0
466260;20.11.2025 19:00;0
466320;20.11.2025 20:00;0
466380;20.11.2025 21:00;0
466440;20.11.2025 22:00;0
466500;20.11.2025 23:00;0
466560;21.11.2025 00:00;0
466620;21.11.2025 01:00;0
466680;21.11.2025 02:00;0
466740;21.11.2025 03:00;0
466800;21.11.2025 04:00;0
466860;21.11.2025 05:00;20
466920;21.11.2025 06:00;0
466980;21.11.2025 07:00;0
467040;21.11.2025 08:00;0
467100;21.11.2025 09:00;0
467160;21.11.2025 10:00;0
467220;21.11.2025 11:00;0
467280;21.11.2025 12:00;0
467340;21.11.2025 13:00;22.529418008850282
467400;21.11.2025 14:00;0
467460;21.11.2025 15:00;0
467520;21.11.2025 16:00;20
467580;21.11.2025 17:00;0
467640;21.11.2025 18:00;0
467700;21.11.2025 19:00;0
467760;21.11.2025 20:00;0
467820;21.11.2025 21:00;0
467880;21.11.2025 22:00;0
467940;21.11.2025 23:00;0
468000;22.11.2025 00:00;0
468060;22.11.2025 01:00;0
468120;22.11.2025 02:00;0
468180;22.11.2025 03:00;0
468240;22.11.2025 04:00;0
468300;22.11.2025 05:00;0
468360;22.11.2025 06:00;0
468420;22.11.2025 07:00;10
468480;22.11.2025 08:00;0
468540;22.11.2025 09:00;0
468600;22.11.2025 10:00;0
468660;22.11.2025 11:00;0
468720;22.11.2025 12:00;0
468780;22.11.2025 13:00;0
468840;22.11.2025 14:00;0
468900;22.11.2025 15:00;0
468960;22.11.2025 16:00;0
469020;22.11.2025 17:00;20
469080;22.11.2025 18:00;0
469140;22.11.2025 19:00;0
469200;22.11.2025 20:00;0
469260;22.11.2025 21:00;0
469320;22.11.2025 22:00;0
469380;22.11.2025 23:00;0
469440;23.11.2025 00:00;0
469500;23.11.2025 01:00;0
469560;23.11.2025 02:00;0
469620;23.11.2025 03:00;0
469680;23.11.2025 04:00;0
469740;23.11.2025 05:00;10
469800;23.11.2025 06:00;10
469860;23.11.2025 07:00;0
469920;23.11.2025 08:00;0
469980;23.11.2025 09:00;0
470040;23.11.2025 10:00;0
470100;23.11.2025 11:00;0
470160;23.11.2025 12:00;17.516237786081657
470220;23.11.2025 13:00;0
470280;23.11.2025 14:00;20
470340;23.11.2025 15:00;0
470400;23.11.2025 16:00;0
470460;23.11.2025 17:00;0
470520;23.11.2025 18:00;0
470580;23.11.2025 19:00;0
470640;23.11.2025 20:00;0
470700;23.11.2025 21:00;0
470760;23.11.2025 22:00;0
470820;23.11.2025 23:00;0
470880;24.11.2025 00:00;0
470940;24.11.2025 01:00;0
471000;24.11.2025 02:00;0
471060;24.11.2025 03:00;0
471120;24.11.2025 04:00;10
471180;24.11.2025 05:00;0
471240;24.11.2025 06:00;0
471300;24.11.2025 07:00;0
471360;24.11.2025 08:00;0
471420;24.11.2025 09:00;0
471480;24.11.2025 10:00;0
471540;24.11.2025 11:00;0
471600;24.11.2025 12:00;0
471660;24.11.2025 13:00;10
471720;24.11.2025 14:00;0
471780;24.11.2025 15:00;0
471840;24.11.2025 16:00;0
471900;24.11.2025 17:00;0
471960;24.11.2025 18:00;0
472020;24.11.2025 19:00;0
472080;24.11.2025 20:00;0
472140;24.11.2025 21:00;0
472200;24.11.2025 22:00;0
472260;24.11.2025 23:00;0
472320;25.11.2025 00:00;0
472380;25.11.2025 01:00;0
472440;25.11.2025 02:00;0
472500;25.11.2025 03:00;0
472560;25.11.2025 04:00;20
472620;25.11.2025 05:00;0
472680;25.11.2025 06:00;0
472740;25.11.2025 07:00;0
472800;25.11.2025 08:00;50
472860;25.11.2025 09:00;0
472920;25.11.2025 10:00;0
472980;25.11.2025 11:00;0
473040;25.11.2025 12:00;30.249031296519213
473100;25.11.2025 13:00;0
473160;25.11.2025 14:00;0
473220;25.11.2025 15:00;0
473280;25.11.2025 16:00;0
473340;25.11.2025 17:00;0
473400;25.11.2025 18:00;0
473460;25.11.2025 19:00;0
473520;25.11.2025 20:00;0
473580;25.11.2025 21:00;0
473640;25.11.2025 22:00;0
473700;25.11.2025 23:00;0
473760;26.11.2025 00:00;0
473820;26.11.2025 01:00;0
473880;26.11.2025 02:00;0
473940;26.11.2025 03:00;0
474000;26.11.2025 04:00;0
474060;26.11.2025 05:00;20
474120;26.11.2025 06:00;0
474180;26.11.2025 07:00;0
474240;26.11.2025 08:00;0
474300;26.11.2025 09:00;0
474360;26.11.2025 10:00;0
474420;26.11.2025 11:00;0
474480;26.11.2025 12:00;0
474540;26.11.2025 13:00;10
474600;26.11.2025 14:00;0
474660;26.11.2025 15:00;0
474720;26.11.2025 16:00;0
474780;26.11.2025 17:00;0
474840;26.11.2025 18:00;0
474900;26.11.2025 19:00;0
474960;26.11.2025 20:00;0
475020;26.11.2025 21:00;0
475080;26.11.2025 22:00;0
475140;26.11.2025 23:00;0
475200;27.11.2025 00:00;0
475260;27.11.2025 01:00;0
475320;27.11.2025 02:00;0
475380;27.11.2025 03:00;0
475440;27.11.2025 04:00;10
475500;27.11.2025 05:00;0
475560;27.11.2025 06:00;0
475620;27.11.2025 07:00;0
475680;27.11.2025 08:00;0
475740;27.11.2025 09:00;0
475800;27.11.2025 10:00;0
475860;27.11.2025 11:00;0
475920;27.11.2025 12:00;42.67998313292801
475980;27.11.2025 13:00;0
476040;27.11.2025 14:00;0
476100;27.11.2025 15:00;0
476160;27.11.2025 16:00;0
476220;27.11.2025 17:00;0
476280;27.11.2025 18:00;0
476340;27.11.2025 19:00;0
476400;27.11.2025 20:00;0
476460;27.11.2025 21:00;0
476520;27.11.2025 22:00;0
476580;27.11.2025 23:00;0
476640;28.11.2025 00:00;0
476700;28.11.2025 01:00;0
476760;28.11.2025 02:00;0
476820;28.11.2025 03:00;0
476880;28.11.2025 04:00;0
476940;28.11.2025 05:00;10
477000;28.11.2025 06:00;0
477060;28.11.2025 07:00;0
477120;28.11.2025 08:00;0
477180;28.11.2025 09:00;0
477240;28.11.2025 10:00;0
477300;28.11.2025 11:00;0
477360;28.11.2025 12:00;0
477420;28.11.2025 13:00;10
477480;28.11.2025 14:00;0
477540;28.11.2025 15:00;0
477600;28.11.2025 16:00;0
477660;28.11.2025 17:00;0
477720;28.11.2025 18:00;0
477780;28.11.2025 19:00;0
477840;28.11.2025 20:00;0
477900;28.11.2025 21:00;0
477960;28.11.2025 22:00;0
478020;28.11.2025 23:00;0
478080;29.11.2025 00:00;0
478140;29.11.2025 01:00;0
478200;29.11.2025 02:00;0
478260;29.11.2025 03:00;0
478320;29.11.2025 04:00;10
478380;29.11.2025 05:00;0
478440;29.11.2025 06:00;0
478500;29.11.2025 07:00;0
478560;29.11.2025 08:00;0
478620;29.11.2025 09:00;0
478680;29.11.2025 10:00;0
478740;29.11.2025 11:00;0
478800;29.11.2025 12:00;0
478860;29.11.2025 13:00;38.63320985312238
478920;29.11.2025 14:00;0
478980;29.11.2025 15:00;0
479040;29.11.2025 16:00;0
479100;29.11.2025 17:00;0
479160;29.11.2025 18:00;0
479220;29.11.2025 19:00;0
479280;29.11.2025 20:00;0
479340;29.11.2025 21:00;0
479400;29.11.2025 22:00;0
479460;29.11.2025 23:00;0
479520;30.11.2025 00:00;0
479580;30.11.2025 01:00;0
479640;30.11.2025 02:00;0
479700;30.11.2025 03:00;10
479760;30.11.2025 04:00;0
479820;30.11.2025 05:00;0
479880;30.11.2025 06:00;0
479940;30.11.2025 07:00;0
480000;30.11.2025 08:00;0
480060;30.11.2025 09:00;45
480120;30.11.2025 10:00;0
480180;30.11.2025 11:00;0
480240;30.11.2025 12:00;20
480300;30.11.2025 13:00;0
480360;30.11.2025 14:00;0
480420;30.11.2025 15:00;0
480480;30.11.2025 16:00;0
480540;30.11.2025 17:00;0
480600;30.11.2025 18:00;0
480660;30.11.2025 19:00;0
480720;30.11.2025 20:00;0
480780;30.11.2025 21:00;10
480840;30.11.2025 22:00;0
480900;30.11.2025 23:00;0
480960;01.12.2025 00:00;0
481020;01.12.2025 01:00;0
481080;01.12.2025 02:00;0
481140;01.12.2025 03:00;0
481200;01.12.2025 04:00;0
481260;01.12.2025 05:00;0
481320;01.12.2025 06:00;0
481380;01.12.2025 07:00;0
481440;01.12.2025 08:00;0
481500;01.12.2025 09:00;0
481560;01.12.2025 10:00;20
481620;01.12.2025 11:00;0
481680;01.12.2025 12:00;22.563759485730895
481740;01.12.2025 13:00;0
481800;01.12.2025 14:00;0
481860;01.12.2025 15:00;0
481920;01.12.2025 16:00;0
481980;01.12.2025 17:00;0
482040;01.12.2025 18:00;0
482100;01.12.2025 19:00;0
482160;01.12.2025 20:00;0
482220;01.12.2025 21:00;0
482280;01.12.2025 22:00;0
482340;01.12.2025 23:00;0
482400;02.12.2025 00:00;0
482460;02.12.2025 01:00;0
482520;02.12.2025 02:00;0
482580;02.12.2025 03:00;0
482640;02.12.2025 04:00;20
482700;02.12.2025 05:00;0
482760;02.12.2025 06:00;0
482820;02.12.2025 07:00;0
482880;02.12.2025 08:00;0
482940;02.12.2025 09:00;0
483000;02.12.2025 10:00;0
483060;02.12.2025 11:00;10
483120;02.12.2025 12:00;0
483180;02.12.2025 13:00;0
483240;02.12.2025 14:00;0
483300;02.12.2025 15:00;0
483360;02.12.2025 16:00;0
483420;02.12.2025 17:00;0
483480;02.12.2025 18:00;0
483540;02.12.2025 19:00;0
483600;02.12.2025 20:00;10
483660;02.12.2025 21:00;0
483720;02.12.2025 22:00;0
483780;02.12.2025 23:00;0
483840;03.12.2025 00:00;0
483900;03.12.2025 01:00;0
483960;03.12.2025 02:00;0
484020;03.12.2025 03:00;0
484080;03.12.2025 04:00;0
484140;03.12.2025 05:00;0
484200;03.12.2025 06:00;0
484260;03.12.2025 07:00;0
484320;03.12.2025 08:00;0
484380;03.12.2025 09:00;0
484440;03.12.2025 10:00;20
484500;03.12.2025 11:00;0
484560;03.12.2025 12:00;0
484620;03.12.2025 13:00;0
484680;03.12.2025 14:00;20.567910727441763
484740;03.12.2025 15:00;0
484800;03.12.2025 16:00;0
484860;03.12.2025 17:00;0
484920;03.12.2025 18:00;0
484980;03.12.2025 19:00;0
485040;03.12.2025 20:00;10
485100;03.12.2025 21:00;0
485160;03.12.2025 22:00;0
485220;03.12.2025 23:00;0
485280;04.12.2025 00:00;0
485340;04.12.2025 01:00;0
485400;04.12.2025 02:00;0
485460;04.12.2025 03:00;0
485520;04.12.2025 04:00;0
485580;04.12.2025 05:00;0
485640;04.12.2025 06:00;0
485700;04.12.2025 07:00;0
485760;04.12.2025 08:00;0
485820;04.12.2025 09:00;20
485880;04.12.2025 10:00;0
485940;04.12.2025 11:00;0
486000;04.12.2025 12:00;0
486060;04.12.2025 13:00;0
486120;04.12.2025 14:00;0
486180;04.12.2025 15:00;0
486240;04.12.2025 16:00;0
486300;04.12.2025 17:00;0
486360;04.12.2025 18:00;0
486420;04.12.2025 19:00;10
486480;04.12.2025 20:00;0
486540;04.12.2025 21:00;0
486600;04.12.2025 22:00;0
486660;04.12.2025 23:00;0
486720;05.12.2025 00:00;0
486780;05.12.2025 01:00;0
486840;05.12.2025 02:00;0
486900;05.12.2025 03:00;0
486960;05.12.2025 04:00;0
487020;05.12.2025 05:00;0
487080;05.12.2025 06:00;20
487140;05.12.2025 07:00;0
487200;05.12.2025 08:00;0
487260;05.12.2025 09:00;0
487320;05.12.2025 10:00;0
487380;05.12.2025 11:00;0
487440;05.12.2025 12:00;21.28053026895646
487500;05.12.2025 13:00;0
487560;05.12.2025 14:00;0
487620;05.12.2025 15:00;0
487680;05.12.2025 16:00;0
487740;05.12.2025 17:00;0
487800;05.12.2025 18:00;0
487860;05.12.2025 19:00;20
487920;05.12.2025 20:00;0
487980;05.12.2025 21:00;0
488040;05.12.2025 22:00;0
488100;05.12.2025 23:00;0
488160;06.12.2025 00:00;0
488220;06.12.2025 01:00;0
488280;06.12.2025 02:00;0
488340;06.12.2025 03:00;0
488400;06.12.2025 04:00;0
488460;06.12.2025 05:00;0
488520;06.12.2025 06:00;0
488580;06.12.2025 07:00;20
488640;06.12.2025 08:00;50
488700;06.12.2025 09:00;0
488760;06.12.2025 10:00;0
488820;06.12.2025 11:00;0
488880;06.12.2025 12:00;0
488940;06.12.2025 13:00;0
489000;06.12.2025 14:00;0
489060;06.12.2025 15:00;0
489120;06.12.2025 16:00;10
489180;06.12.2025 17:00;0
489240;06.12.2025 18:00;0
489300;06.12.2025 19:00;0
489360;06.12.2025 20:00;0
489420;06.12.2025 21:00;0
489480;06.12.2025 22:00;0
489540;06.12.2025 23:00;0
489600;07.12.2025 00:00;0
489660;07.12.2025 01:00;0
489720;07.12.2025 02:00;0
489780;07.12.2025 03:00;0
489840;07.12.2025 04:00;10
489900;07.12.2025 05:00;0
489960;07.12.2025 06:00;0
490020;07.12.2025 07:00;0
490080;07.12.2025 08:00;0
490140;07.12.2025 09:00;0
490200;07.12.2025 10:00;0
490260;07.12.2025 11:00;0
490320;07.12.2025 12:00;19.96058334679399
490380;07.12.2025 13:00;0
490440;07.12.2025 14:00;0
490500;07.12.2025 15:00;0
490560;07.12.2025 16:00;0
490620;07.12.2025 17:00;0
490680;07.12.2025 18:00;0
490740;07.12.2025 19:00;0
490800;07.12.2025 20:00;0
490860;07.12.2025 21:00;0
490920;07.12.2025 22:00;0
490980;07.12.2025 23:00;0
491040;08.12.2025 00:00;0
491100;08.12.2025 01:00;0
491160;08.12.2025 02:00;0
491220;08.12.2025 03:00;20
491280;08.12.2025 04:00;0
491340;08.12.2025 05:00;0
491400;08.12.2025 06:00;0
491460;08.12.2025 07:00;0
491520;08.12.2025 08:00;0
491580;08.12.2025 09:00;0
491640;08.12.2025 10:00;0
491700;08.12.2025 11:00;0
491760;08.12.2025 12:00;0
491820;08.12.2025 13:00;20
491880;08.12.2025 14:00;0
491940;08.12.2025 15:00;0
492000;08.12.2025 16:00;0
492060;08.12.2025 17:00;0
492120;08.12.2025 18:00;0
492180;08.12.2025 19:00;0
492240;08.12.2025 20:00;0
492300;08.12.2025 21:00;0
492360;08.12.2025 22:00;0
492420;08.12.2025 23:00;0
492480;09.12.2025 00:00;0
492540;09.12.2025 01:00;0
492600;09.12.2025 02:00;0
492660;09.12.2025 03:00;0
492720;09.12.2025 04:00;20
492780;09.12.2025 05:00;0
492840;09.12.2025 06:00;0
492900;09.12.2025 07:00;0
492960;09.12.2025 08:00;0
493020;09.12.2025 09:00;0
493080;09.12.2025 10:00;0
493140;09.12.2025 11:00;0
493200;09.12.2025 12:00;18.09980960654094
493260;09.12.2025 13:00;10
493320;09.12.2025 14:00;0
493380;09.12.2025 15:00;0
493440;09.12.2025 16:00;0
493500;09.12.2025 17:00;0
493560;09.12.2025 18:00;0
493620;09.12.2025 19:00;0
493680;09.12.2025 20:00;0
493740;09.12.2025 21:00;20
493800;09.12.2025 22:00;0
493860;09.12.2025 23:00;0
493920;10.12.2025 00:00;0
493980;10.12.2025 01:00;0
494040;10.12.2025 02:00;0
494100;10.12.2025 03:00;0
494160;10.12.2025 04:00;0
494220;10.12.2025 05:00;0
494280;10.12.2025 06:00;0
494340;10.12.2025 07:00;0
494400;10.12.2025 08:00;0
494460;10.12.2025 09:00;20
494520;10.12.2025 10:00;0
494580;10.12.2025 11:00;0
494640;10.12.2025 12:00;0
494700;10.12.2025 13:00;0
494760;10.12.2025 14:00;0
494820;10.12.2025 15:00;0
494880;10.12.2025 16:00;0
494940;10.12.2025 17:00;0
495000;10.12.2025 18:00;0
495060;10.12.2025 19:00;20
495120;10.12.2025 20:00;0
495180;10.12.2025 21:00;0
495240;10.12.2025 22:00;0
495300;10.12.2025 23:00;0
495360;11.12.2025 00:00;0
495420;11.12.2025 01:00;0
495480;11.12.2025 02:00;0
495540;11.12.2025 03:00;0
495600;11.12.2025 04:00;0
495660;11.12.2025 05:00;0
495720;11.12.2025 06:00;0
495780;11.12.2025 07:00;0
495840;11.12.2025 08:00;0
495900;11.12.2025 09:00;80
495960;11.12.2025 10:00;0
496020;11.12.2025 11:00;0
496080;11.12.2025 12:00;0
496140;11.12.2025 13:00;0
496200;11.12.2025 14:00;19.18652711897213
496260;11.12.2025 15:00;0
496320;11.12.2025 16:00;0
496380;11.12.2025 17:00;0
496440;11.12.2025 18:00;10
496500;11.12.2025 19:00;0
496560;11.12.2025 20:00;0
496620;11.12.2025 21:00;0
496680;11.12.2025 22:00;0
496740;11.12.2025 23:00;0
496800;12.12.2025 00:00;0
496860;12.12.2025 01:00;0
496920;12.12.2025 02:00;0
496980;12.12.2025 03:00;0
497040;12.12.2025 04:00;0
497100;12.12.2025 05:00;0
497160;12.12.2025 06:00;0
497220;12.12.2025 07:00;20
497280;12.12.2025 08:00;0
497340;12.12.2025 09:00;0
497400;12.12.2025 10:00;0
497460;12.12.2025 11:00;0
497520;12.12.2025 12:00;0
497580;12.12.2025 13:00;0
497640;12.12.2025 14:00;0
497700;12.12.2025 15:00;0
497760;12.12.2025 16:00;0
497820;12.12.2025 17:00;0
497880;12.12.2025 18:00;10
497940;12.12.2025 19:00;0
498000;12.12.2025 20:00;0
498060;12.12.2025 21:00;0
498120;12.12.2025 22:00;0
498180;12.12.2025 23:00;0
498240;13.12.2025 00:00;0
498300;13.12.2025 01:00;0
498360;13.12.2025 02:00;0
498420;13.12.2025 03:00;0
498480;13.12.2025 04:00;0
498540;13.12.2025 05:00;10
498600;13.12.2025 06:00;0
498660;13.12.2025 07:00;0
498720;13.12.2025 08:00;0
498780;13.12.2025 09:00;40
498840;13.12.2025 10:00;0
498900;13.12.2025 11:00;0
498960;13.12.2025 12:00;0
499020;13.12.2025 13:00;29.786162826283007
499080;13.12.2025 14:00;0
499140;13.12.2025 15:00;0
499200;13.12.2025 16:00;0
499260;13.12.2025 17:00;0
499320;13.12.2025 18:00;0
499380;13.12.2025 19:00;0
499440;13.12.2025 20:00;0
499500;13.12.2025 21:00;0
499560;13.12.2025 22:00;0
499620;13.12.2025 23:00;0
499680;14.12.2025 00:00;0
499740;14.12.2025 01:00;0
499800;14.12.2025 02:00;0
499860;14.12.2025 03:00;0
499920;14.12.2025 04:00;20
499980;14.12.2025 05:00;0
500040;14.12.2025 06:00;0
500100;14.12.2025 07:00;0
500160;14.12.2025 08:00;0
500220;14.12.2025 09:00;0
500280;14.12.2025 10:00;0
500340;14.12.2025 11:00;0
500400;14.12.2025 12:00;0
500460;14.12.2025 13:00;20
500520;14.12.2025 14:00;0
500580;14.12.2025 15:00;0
500640;14.12.2025 16:00;0
500700;14.12.2025 17:00;0
500760;14.12.2025 18:00;0
500820;14.12.2025 19:00;0
500880;14.12.2025 20:00;0
500940;14.12.2025 21:00;0
501000;14.12.2025 22:00;0
501060;14.12.2025 23:00;0
501120;15.12.2025 00:00;0
501180;15.12.2025 01:00;0
501240;15.12.2025 02:00;0
501300;15.12.2025 03:00;0
501360;15.12.2025 04:00;0
501420;15.12.2025 05:00;20
501480;15.12.2025 06:00;0
501540;15.12.2025 07:00;0
501600;15.12.2025 08:00;0
501660;15.12.2025 09:00;0
501720;15.12.2025 10:00;0
501780;15.12.2025 11:00;0
501840;15.12.2025 12:00;9.3775087614835
501900;15.12.2025 13:00;20
501960;15.12.2025 14:00;0
502020;15.12.2025 15:00;0
502080;15.12.2025 16:00;0
502140;15.12.2025 17:00;0
502200;15.12.2025 18:00;0
502260;15.12.2025 19:00;0
502320;15.12.2025 20:00;0
502380;15.12.2025 21:00;0
502440;15.12.2025 22:00;0
502500;15.12.2025 23:00;0
502560;16.12.2025 00:00;0
502620;16.12.2025 01:00;0
502680;16.12.2025 02:00;0
502740;16.12.2025 03:00;0
502800;16.12.2025 04:00;0
502860;16.12.2025 05:00;10
502920;16.12.2025 06:00;0
502980;16.12.2025 07:00;0
503040;16.12.2025 08:00;0
503100;16.12.2025 09:00;0
503160;16.12.2025 10:00;0
503220;16.12.2025 11:00;0
503280;16.12.2025 12:00;0
503340;16.12.2025 13:00;0
503400;16.12.2025 14:00;0
503460;16.12.2025 15:00;20
503520;16.12.2025 16:00;0
503580;16.12.2025 17:00;0
503640;16.12.2025 18:00;0
503700;16.12.2025 19:00;0
503760;16.12.2025 20:00;0
503820;16.12.2025 21:00;0
503880;16.12.2025 22:00;0
503940;16.12.2025 23:00;0
504000;17.12.2025 00:00;0
504060;17.12.2025 01:00;0
504120;17.12.2025 02:00;0
504180;17.12.2025 03:00;0
504240;17.12.2025 04:00;0
504300;17.12.2025 05:00;0
504360;17.12.2025 06:00;0
504420;17.12.2025 07:00;20
504480;17.12.2025 08:00;0
504540;17.12.2025 09:00;45
504600;17.12.2025 10:00;0
504660;17.12.2025 11:00;0
504720;17.12.2025 12:00;0
504780;17.12.2025 13:00;21.360038110806585
504840;17.12.2025 14:00;0
504900;17.12.2025 15:00;0
504960;17.12.2025 16:00;0
505020;17.12.2025 17:00;20
505080;17.12.2025 18:00;0
505140;17.12.2025 19:00;0
505200;17.12.2025 20:00;0
505260;17.12.2025 21:00;0
505320;17.12.2025 22:00;0
505380;17.12.2025 23:00;0
505440;18.12.2025 00:00;0
505500;18.12.2025 01:00;0
505560;18.12.2025 02:00;0
505620;18.12.2025 03:00;0
505680;18.12.2025 04:00;10
505740;18.12.2025 05:00;0
505800;18.12.2025 06:00;0
505860;18.12.2025 07:00;0
505920;18.12.2025 08:00;0
505980;18.12.2025 09:00;0
506040;18.12.2025 10:00;0
506100;18.12.2025 11:00;0
506160;18.12.2025 12:00;0
506220;18.12.2025 13:00;10
506280;18.12.2025 14:00;0
506340;18.12.2025 15:00;0
506400;18.12.2025 16:00;0
506460;18.12.2025 17:00;0
506520;18.12.2025 18:00;0
506580;18.12.2025 19:00;0
506640;18.12.2025 20:00;0
506700;18.12.2025 21:00;0
506760;18.12.2025 22:00;0
506820;18.12.2025 23:00;0
506880;19.12.2025 00:00;0
506940;19.12.2025 01:00;0
507000;19.12.2025 02:00;0
507060;19.12.2025 03:00;0
507120;19.12.2025 04:00;20
507180;19.12.2025 05:00;0
507240;19.12.2025 06:00;0
507300;19.12.2025 07:00;0
507360;19.12.2025 08:00;0
507420;19.12.2025 09:00;0
507480;19.12.2025 10:00;0
507540;19.12.2025 11:00;0
507600;19.12.2025 12:00;17.408610336691652
507660;19.12.2025 13:00;10
507720;19.12.2025 14:00;0
507780;19.12.2025 15:00;0
507840;19.12.2025 16:00;0
507900;19.12.2025 17:00;0
507960;19.12.2025 18:00;0
508020;19.12.2025 19:00;0
508080;19.12.2025 20:00;0
508140;19.12.2025 21:00;0
508200;19.12.2025 22:00;0
508260;19.12.2025 23:00;0
508320;20.12.2025 00:00;0
508380;20.12.2025 01:00;0
508440;20.12.2025 02:00;0
508500;20.12.2025 03:00;0
508560;20.12.2025 04:00;20
508620;20.12.2025 05:00;0
508680;20.12.2025 06:00;0
508740;20.12.2025 07:00;0
508800;20.12.2025 08:00;0
508860;20.12.2025 09:00;0
508920;20.12.2025 10:00;0
508980;20.12.2025 11:00;0
509040;20.12.2025 12:00;0
509100;20.12.2025 13:00;0
509160;20.12.2025 14:00;10
509220;20.12.2025 15:00;0
509280;20.12.2025 16:00;0
509340;20.12.2025 17:00;0
509400;20.12.2025 18:00;0
509460;20.12.2025 19:00;0
509520;20.12.2025 20:00;0
509580;20.12.2025 21:00;0
509640;20.12.2025 22:00;0
509700;20.12.2025 23:00;0
509760;21.12.2025 00:00;0
509820;21.12.2025 01:00;0
509880;21.12.2025 02:00;0
509940;21.12.2025 03:00;0
510000;21.12.2025 04:00;10
510060;21.12.2025 05:00;0
510120;21.12.2025 06:00;0
510180;21.12.2025 07:00;0
510240;21.12.2025 08:00;0
510300;21.12.2025 09:00;0
510360;21.12.2025 10:00;0
510420;21.12.2025 11:00;0
510480;21.12.2025 12:00;0
510540;21.12.2025 13:00;31.379870276856483
510600;21.12.2025 14:00;0
510660;21.12.2025 15:00;0
510720;21.12.2025 16:00;0
510780;21.12.2025 17:00;0
510840;21.12.2025 18:00;0
510900;21.12.2025 19:00;0
510960;21.12.2025 20:00;0
511020;21.12.2025 21:00;0
511080;21.12.2025 22:00;0
511140;21.12.2025 23:00;0
511200;22.12.2025 00:00;0
511260;22.12.2025 01:00;0
511320;22.12.2025 02:00;0
511380;22.12.2025 03:00;0
511440;22.12.2025 04:00;10
511500;22.12.2025 05:00;0
511560;22.12.2025 06:00;0
511620;22.12.2025 07:00;0
511680;22.12.2025 08:00;0
511740;22.12.2025 09:00;0
511800;22.12.2025 10:00;0
511860;22.12.2025 11:00;0
511920;22.12.2025 12:00;10
511980;22.12.2025 13:00;0
512040;22.12.2025 14:00;0
512100;22.12.2025 15:00;0
512160;22.12.2025 16:00;0
512220;22.12.2025 17:00;0
512280;22.12.2025 18:00;0
512340;22.12.2025 19:00;0
512400;22.12.2025 20:00;0
512460;22.12.2025 21:00;0
512520;22.12.2025 22:00;0
512580;22.12.2025 23:00;0
512640;23.12.2025 00:00;0
512700;23.12.2025 01:00;0
512760;23.12.2025 02:00;0
512820;23.12.2025 03:00;0
512880;23.12.2025 04:00;0
512940;23.12.2025 05:00;0
513000;23.12.2025 06:00;0
513060;23.12.2025 07:00;20
513120;23.12.2025 08:00;0
513180;23.12.2025 09:00;50
513240;23.12.2025 10:00;0
513300;23.12.2025 11:00;0
513360;23.12.2025 12:00;0
513420;23.12.2025 13:00;0
513480;23.12.2025 14:00;18.560598531173508
513540;23.12.2025 15:00;10
513600;23.12.2025 16:00;0
513660;23.12.2025 17:00;0
513720;23.12.2025 18:00;0
513780;23.12.2025 19:00;0
513840;23.12.2025 20:00;0
513900;23.12.2025 21:00;0
513960;23.12.2025 22:00;0
514020;23.12.2025 23:00;0
514080;24.12.2025 00:00;0
514140;24.12.2025 01:00;0
514200;24.12.2025 02:00;0
514260;24.12.2025 03:00;0
514320;24.12.2025 04:00;10
514380;24.12.2025 05:00;0
514440;24.12.2025 06:00;0
514500;24.12.2025 07:00;0
514560;24.12.2025 08:00;0
514620;24.12.2025 09:00;0
514680;24.12.2025 10:00;0
514740;24.12.2025 11:00;0
514800;24.12.2025 12:00;0
514860;24.12.2025 13:00;0
514920;24.12.2025 14:00;10
514980;24.12.2025 15:00;0
515040;24.12.2025 16:00;0
515100;24.12.2025 17:00;0
515160;24.12.2025 18:00;0
515220;24.12.2025 19:00;0
515280;24.12.2025 20:00;0
515340;24.12.2025 21:00;0
515400;24.12.2025 22:00;0
515460;24.12.2025 23:00;0
515520;25.12.2025 00:00;0
515580;25.12.2025 01:00;0
515640;25.12.2025 02:00;0
515700;25.12.2025 03:00;0
515760;25.12.2025 04:00;0
515820;25.12.2025 05:00;20
515880;25.12.2025 06:00;0
515940;25.12.2025 07:00;0
516000;25.12.2025 08:00;0
516060;25.12.2025 09:00;0
516120;25.12.2025 10:00;0
516180;25.12.2025 11:00;0
516240;25.12.2025 12:00;0
516300;25.12.2025 13:00;10.33028445899873
516360;25.12.2025 14:00;20
516420;25.12.2025 15:00;0
516480;25.12.2025 16:00;0
516540;25.12.2025 17:00;0
516600;25.12.2025 18:00;0
516660;25.12.2025 19:00;0
516720;25.12.2025 20:00;0
516780;25.12.2025 21:00;0
516840;25.12.2025 22:00;0
516900;25.12.2025 23:00;0
516960;26.12.2025 00:00;0
517020;26.12.2025 01:00;0
517080;26.12.2025 02:00;0
517140;26.12.2025 03:00;0
517200;26.12.2025 04:00;0
517260;26.12.2025 05:00;10
517320;26.12.2025 06:00;0
517380;26.12.2025 07:00;0
517440;26.12.2025 08:00;0
517500;26.12.2025 09:00;0
517560;26.12.2025 10:00;0
517620;26.12.2025 11:00;0
517680;26.12.2025 12:00;0
517740;26.12.2025 13:00;10
517800;26.12.2025 14:00;0
517860;26.12.2025 15:00;0
517920;26.12.2025 16:00;0
517980;26.12.2025 17:00;0
518040;26.12.2025 18:00;0
518100;26.12.2025 19:00;0
518160;26.12.2025 20:00;0
518220;26.12.2025 21:00;0
518280;26.12.2025 22:00;0
518340;26.12.2025 23:00;0
518400;27.12.2025 00:00;0
518460;27.12.2025 01:00;0
518520;27.12.2025 02:00;0
518580;27.12.2025 03:00;0
518640;27.12.2025 04:00;10
518700;27.12.2025 05:00;0
518760;27.12.2025 06:00;0
518820;27.12.2025 07:00;0
518880;27.12.2025 08:00;0
518940;27.12.2025 09:00;0
519000;27.12.2025 10:00;0
519060;27.12.2025 11:00;0
519120;27.12.2025 12:00;30.97268547395054
519180;27.12.2025 13:00;0
519240;27.12.2025 14:00;0
519300;27.12.2025 15:00;0
519360;27.12.2025 16:00;0
519420;27.12.2025 17:00;0
519480;27.12.2025 18:00;0
519540;27.12.2025 19:00;0
519600;27.12.2025 20:00;0
519660;27.12.2025 21:00;10
519720;27.12.2025 22:00;0
519780;27.12.2025 23:00;0
519840;28.12.2025 00:00;0
519900;28.12.2025 01:00;0
519960;28.12.2025 02:00;0
520020;28.12.2025 03:00;0
520080;28.12.2025 04:00;0
520140;28.12.2025 05:00;0
520200;28.12.2025 06:00;0
520260;28.12.2025 07:00;0
520320;28.12.2025 08:00;20
520380;28.12.2025 09:00;0
520440;28.12.2025 10:00;0
520500;28.12.2025 11:00;0
520560;28.12.2025 12:00;0
520620;28.12.2025 13:00;0
520680;28.12.2025 14:00;0
520740;28.12.2025 15:00;0
520800;28.12.2025 16:00;10
520860;28.12.2025 17:00;0
520920;28.12.2025 18:00;0
520980;28.12.2025 19:00;0
521040;28.12.2025 20:00;0
521100;28.12.2025 21:00;0
521160;28.12.2025 22:00;0
521220;28.12.2025 23:00;0
521280;29.12.2025 00:00;0
521340;29.12.2025 01:00;0
521400;29.12.2025 02:00;0
521460;29.12.2025 03:00;0
521520;29.12.2025 04:00;0
521580;29.12.2025 05:00;20
521640;29.12.2025 06:00;0
521700;29.12.2025 07:00;0
521760;29.12.2025 08:00;0
521820;29.12.2025 09:00;55
521880;29.12.2025 10:00;0
521940;29.12.2025 11:00;0
522000;29.12.2025 12:00;0
522060;29.12.2025 13:00;0
522120;29.12.2025 14:00;0
522180;29.12.2025 15:00;18.45720205190428
522240;29.12.2025 16:00;0
522300;29.12.2025 17:00;0
522360;29.12.2025 18:00;0
522420;29.12.2025 19:00;0
522480;29.12.2025 20:00;0
522540;29.12.2025 21:00;0
522600;29.12.2025 22:00;0
522660;29.12.2025 23:00;0
522720;30.12.2025 00:00;0
522780;30.12.2025 01:00;0
522840;30.12.2025 02:00;0
522900;30.12.2025 03:00;0
522960;30.12.2025 04:00;20
523020;30.12.2025 05:00;0
523080;30.12.2025 06:00;0
523140;30.12.2025 07:00;0
523200;30.12.2025 08:00;0
523260;30.12.2025 09:00;0
523320;30.12.2025 10:00;0
523380;30.12.2025 11:00;0
523440;30.12.2025 12:00;0
523500;30.12.2025 13:00;20
523560;30.12.2025 14:00;0
523620;30.12.2025 15:00;0
523680;30.12.2025 16:00;0
523740;30.12.2025 17:00;0
523800;30.12.2025 18:00;0
523860;30.12.2025 19:00;0
523920;30.12.2025 20:00;0
523980;30.12.2025 21:00;0
524040;30.12.2025 22:00;0
524100;30.12.2025 23:00;0
524160;31.12.2025 00:00;0
524220;31.12.2025 01:00;0
524280;31.12.2025 02:00;0
524340;31.12.2025 03:00;0
524400;31.12.2025 04:00;20
524460;31.12.2025 05:00;0
524520;31.12.2025 06:00;0
524580;31.12.2025 07:00;0
524640;31.12.2025 08:00;0
524700;31.12.2025 09:00;0
524760;31.12.2025 10:00;0
524820;31.12.2025 11:00;0
524880;31.12.2025 12:00;0
524940;31.12.2025 13:00;10
525000;31.12.2025 14:00;0
525060;31.12.2025 15:00;0
525120;31.12.2025 16:00;21.443674252771842
525180;31.12.2025 17:00;0
525240;31.12.2025 18:00;0
525300;31.12.2025 19:00;0
525360;31.12.2025 20:00;0
525420;31.12.2025 21:00;0
525480;31.12.2025 22:00;0
525540;31.12.2025 23:00;0
